user_id,total_watch_time_hours,avg_session_mins,sessions_per_week,weekend_ratio,top_genres
USR-01198,114.17,24.4,2.5,0.43,Horror;Fantasy;Romance;Action
USR-00526,59.06,20.5,10.4,0.168,Animation;Family;Comedy
USR-00393,144.71,41.5,4.0,0.787,Animation;Documentary;Mystery;Comedy;Family;Musical
USR-01407,59.69,51.2,6.1,0.786,Thriller;Mystery;Horror;Comedy;Adventure
USR-00433,92.87,79.1,4.0,0.606,Sci-Fi
USR-01720,130.96,93.4,6.6,0.341,Sci-Fi;Thriller
USR-01090,61.56,51.0,1.4,0.897,Drama;Romance
USR-00429,133.46,104.1,4.2,0.521,Thriller;Sci-Fi
USR-01799,64.91,88.0,5.5,0.253,Crime
USR-00530,114.01,21.5,6.5,0.699,Crime;Drama;Horror;Fantasy
USR-01727,52.78,78.0,2.5,0.75,Drama
USR-01453,,28.5,2.2,0.227,Action
USR-01293,36.67,19.9,1.5,0.35,Action
USR-01618,3.11,38.1,0.5,0.258,Horror
USR-01022,108.38,93.4,1.7,0.757,Mystery;Drama
USR-00678,73.64,196.1,2.0,0.944,Drama;Mystery
USR-01128,50.03,11.7,8.1,0.036,Comedy
USR-00124,,122.5,8.3,0.829,Action;Sci-Fi
USR-01473,53.3,,12.5,0.171,Animation;Family
USR-00462,59.32,64.5,9.0,0.535,Crime;Musical;Documentary;Action;Sci-Fi;Animation
USR-01856,107.55,33.5,5.8,0.625,Fantasy;Sci-Fi;Horror;Romance;Animation
USR-01969,122.84,108.3,7.0,0.53,Action
USR-01001,1.07,13.0,0.9,0.79,Animation;Comedy
USR-01206,12.09,32.4,1.3,0.598,Crime;Sci-Fi
USR-01704,30.86,13.5,11.2,0.186,Animation;Comedy;Family
USR-01298,61.55,28.4,1.3,0.214,Drama;Animation
USR-01395,100.83,49.7,7.1,0.02,Animation;Action;Thriller;Sci-Fi
USR-01839,111.55,129.9,6.6,0.305,Crime;Sci-Fi
USR-00544,7.02,44.8,1.2,0.353,Thriller;Mystery
USR-01956,0.44,33.8,1.6,0.98,Horror;Romance
USR-00973,78.44,101.9,4.4,0.791,Sci-Fi;Action
USR-01709,10.88,28.6,1.6,0.898,Drama;Romance
USR-00029,100.63,126.8,3.9,0.529,Thriller;Action
USR-00543,15.69,20.6,1.9,0.924,Thriller;Crime
USR-01450,18.83,12.0,13.3,0.065,Animation;Family;Comedy
USR-00809,188.89,106.5,5.5,0.681,Thriller
USR-00774,92.2,36.1,8.6,0.516,Sci-Fi;Drama;Musical;Animation
USR-00056,126.49,98.8,5.0,0.511,Thriller;Crime
USR-00519,147.84,54.6,4.1,0.507,Action;Sci-Fi
USR-00584,0.39,31.0,1.5,0.224,Animation;Musical
USR-00670,121.51,83.1,5.2,0.862,Action;Crime
USR-00251,58.18,12.5,15.2,0.159,Family
USR-00099,120.97,110.6,5.5,0.181,Crime;Thriller
USR-00567,46.18,8.5,9.5,0.582,Comedy
USR-00588,130.38,95.2,5.4,0.488,Sci-Fi;Crime
USR-00298,9.12,27.6,1.5,0.863,Drama
USR-01555,161.66,124.4,7.1,0.217,Thriller
USR-00422,106.28,92.2,5.2,0.576,Crime
USR-01779,78.55,45.5,11.2,0.751,Crime;Drama;Horror;Sci-Fi;Thriller;Adventure
USR-01524,27.35,16.5,9.7,0.405,Animation;Comedy;Family
USR-01861,0.52,29.7,1.6,0.304,Adventure
USR-01692,23.42,16.4,13.3,0.254,Comedy
USR-01543,50.71,24.6,13.0,0.574,Comedy;Animation
USR-00495,55.26,13.5,16.6,0.233,Animation;Comedy;Family
USR-01288,78.78,108.8,6.8,0.301,Thriller;Sci-Fi
USR-01475,,27.1,1.1,0.885,Family;Drama
USR-00070,73.59,33.1,8.5,0.423,Horror;Adventure;Sci-Fi;Fantasy;Animation;Family
USR-00275,15.73,29.9,1.6,0.637,Action
USR-01053,89.98,35.3,7.7,0.303,Fantasy;Musical;Crime;Sci-Fi
USR-01034,113.2,55.4,5.3,0.325,Sci-Fi;Action
USR-00065,22.25,19.4,1.1,0.793,Horror
USR-01659,41.18,24.9,13.1,0.169,Family
USR-01605,52.24,25.8,2.2,,Animation;Musical
USR-01085,36.34,13.9,9.3,0.156,Animation;Comedy
USR-01231,107.3,94.7,2.6,0.704,Crime
USR-00394,45.74,14.1,11.7,0.165,Family;Comedy
USR-00923,116.55,32.8,4.6,0.431,Adventure;Horror;Animation;Family
USR-01764,145.47,97.9,6.1,0.468,Crime
USR-00111,84.71,89.2,4.8,0.361,Crime
USR-00352,20.42,21.8,2.1,0.079,Fantasy
USR-01652,44.7,21.8,10.8,0.099,Comedy;Animation
USR-00859,118.14,69.0,2.2,0.316,Thriller
USR-01245,16.83,47.8,1.9,0.561,Romance
USR-01981,62.91,48.3,7.9,0.709,Crime;Action;Romance;Documentary
USR-01228,84.9,86.5,1.5,0.876,Romance
USR-01405,13.64,23.6,13.7,0.409,Comedy;Animation
USR-01269,53.73,18.0,13.7,0.188,Family;Comedy
USR-01061,76.2,105.0,1.6,0.626,Drama;Mystery
USR-00628,92.81,92.8,5.5,0.468,Sci-Fi;Thriller
USR-00411,72.14,110.4,2.3,0.954,Romance;Drama
USR-01444,103.93,116.5,2.3,0.801,Romance
USR-00535,76.35,111.1,,0.956,Drama;Romance
USR-01336,75.84,74.0,7.0,0.586,Action
USR-01190,120.74,89.7,5.8,0.611,Action
USR-01516,30.71,36.4,1.8,0.262,Horror;Musical
USR-00069,59.46,93.0,1.3,0.694,Drama
USR-01124,35.57,30.5,2.1,0.233,Action
USR-00554,57.97,136.3,2.6,0.723,Mystery
USR-00974,131.41,112.5,6.2,0.738,Action
USR-01299,71.41,31.0,11.2,0.165,Crime;Comedy;Adventure;Musical;Sci-Fi
USR-01251,42.25,11.2,11.8,0.267,Family;Animation
USR-01990,75.43,49.1,7.4,0.549,Comedy;Fantasy;Action;Animation
USR-00581,62.79,138.7,2.4,0.676,Mystery
USR-01905,132.35,86.3,4.9,0.492,Action;Sci-Fi
USR-01962,80.47,39.9,6.4,,Mystery;Crime;Sci-Fi;Drama
USR-00721,105.77,80.3,6.4,0.602,Sci-Fi;Crime
USR-01192,39.66,11.5,14.2,0.31,Animation
USR-01744,34.29,18.7,14.3,0.341,Comedy;Animation
USR-00785,108.14,100.4,2.0,0.916,Romance;Drama
USR-01089,142.29,71.9,2.8,0.404,Sci-Fi
USR-01469,64.89,38.9,7.4,0.26,Family;Drama;Animation;Mystery;Horror;Comedy
USR-01548,124.24,107.3,5.9,0.58,Thriller;Sci-Fi
USR-00765,28.09,42.0,1.9,0.046,Thriller;Crime
USR-01301,74.81,166.0,2.3,0.925,Drama
USR-01946,25.69,19.8,15.2,,Animation;Family
USR-01013,152.63,53.0,5.8,0.43,Thriller
USR-00486,87.63,77.2,0.1,0.452,Crime;Thriller
USR-00128,144.87,89.5,4.0,,Action;Sci-Fi
USR-01242,94.68,25.1,7.3,0.757,Documentary;Thriller;Horror;Family;Mystery;Comedy
USR-01686,49.19,94.6,2.6,0.833,Drama
USR-01328,61.37,19.9,1.1,,Fantasy
USR-00855,135.84,74.6,5.1,0.305,Sci-Fi;Crime
USR-00915,46.93,10.9,,0.402,Animation;Comedy;Family
USR-00361,2.09,39.8,2.0,0.295,Documentary;Adventure
USR-01785,30.65,98.9,1.7,0.635,Romance
USR-01229,32.29,12.7,11.9,0.186,Comedy
USR-00256,52.91,70.8,2.6,0.93,Romance;Drama
USR-01737,107.6,93.4,6.2,0.679,Action
USR-01347,62.7,15.9,7.0,0.38,Animation;Family
USR-01187,71.13,90.1,4.3,0.353,Action;Crime
USR-00342,93.32,93.9,3.9,0.851,Crime;Thriller
USR-01949,16.8,14.0,9.3,0.564,Family
USR-01756,96.9,112.7,2.7,0.924,Drama
USR-01040,20.67,28.0,2.0,,Drama;Documentary
USR-01830,37.13,109.1,1.8,0.514,Mystery;Drama
USR-01832,2.43,44.3,1.5,0.655,Sci-Fi;Romance
USR-00307,9.5,25.6,9.6,0.156,Family
USR-01566,1.33,32.4,2.1,0.543,Family;Comedy
USR-00767,82.44,118.3,1.7,0.778,Romance;Drama
USR-00968,28.69,31.2,1.7,0.764,Animation;Horror
USR-01302,140.89,105.9,2.3,0.506,Sci-Fi
USR-00233,38.69,12.1,10.2,0.271,Family
USR-00231,56.77,27.4,1.9,0.497,Action
USR-01216,110.53,98.2,5.9,0.622,Thriller
USR-01803,45.63,28.0,8.9,0.238,Animation;Comedy;Family
USR-01005,11.53,36.4,1.4,0.175,Comedy
USR-01345,15.65,16.8,13.0,,Family;Comedy;Animation
USR-01067,159.84,99.3,3.3,0.363,Sci-Fi
USR-00900,56.49,114.9,2.8,0.433,Action
USR-00808,31.07,16.9,15.9,0.024,Comedy;Animation;Family
USR-01182,9.87,30.0,2.1,0.506,Family
USR-00354,60.15,86.8,4.1,0.389,Action;Crime
USR-00994,69.38,12.2,10.2,0.051,Comedy;Family
USR-01305,66.66,117.1,1.6,0.856,Mystery;Romance
USR-01258,131.81,124.6,4.0,0.611,Sci-Fi
USR-00305,52.29,87.6,2.6,0.9,Mystery
USR-00964,48.08,16.7,12.3,0.504,Family
USR-01679,18.68,29.3,0.9,0.422,Thriller
USR-01835,13.87,,1.1,0.393,Fantasy;Animation
USR-00782,44.13,16.8,18.6,0.261,Animation
USR-00752,7.31,38.2,1.4,0.728,Mystery;Family
USR-00532,74.95,120.2,1.7,0.935,Drama;Mystery
USR-01310,112.67,78.0,2.7,0.739,Action;Thriller
USR-01268,20.04,27.3,1.7,0.581,Drama
USR-00614,57.24,62.7,2.3,0.852,Drama;Mystery
USR-00120,103.58,26.7,6.1,0.537,Drama;Romance;Sci-Fi;Mystery;Animation
USR-01358,21.52,22.4,13.5,0.507,Animation;Family
USR-01037,92.78,40.1,8.0,0.593,Thriller;Comedy;Drama;Adventure
USR-00792,0.21,17.0,1.4,0.134,Family;Crime
USR-00764,107.32,111.0,6.5,0.61,Thriller;Crime
USR-00781,31.42,35.9,0.7,0.875,
USR-00135,32.82,12.8,14.4,0.168,Comedy;Animation;Family
USR-01323,97.94,87.6,6.4,0.374,Action
USR-00374,117.96,68.7,5.1,0.312,Sci-Fi
USR-00316,42.16,6.3,10.6,0.125,Comedy;Animation
USR-01993,111.71,74.1,6.4,0.131,Crime;Sci-Fi
USR-00254,99.57,90.8,7.2,0.24,Action
USR-00464,88.01,93.6,2.2,0.822,Mystery;Drama
USR-01466,71.43,129.3,2.1,0.49,Romance
USR-00109,144.49,78.8,2.7,0.583,Thriller;Action
USR-01609,1.44,24.0,1.4,0.548,Thriller
USR-00938,148.17,92.4,3.6,0.383,
USR-01874,88.81,60.5,4.7,0.324,Fantasy;Animation;Adventure;Thriller
USR-00239,141.53,79.3,5.2,0.564,Sci-Fi
USR-01226,72.25,10.0,15.3,0.29,Comedy
USR-01833,137.23,46.2,5.0,0.833,Musical;Horror;Action;Family;Crime;Sci-Fi
USR-01718,104.38,123.8,2.2,0.753,Mystery
USR-00212,81.86,51.3,,0.832,Comedy;Documentary
USR-01769,44.68,14.8,9.1,0.136,Animation;Comedy;Family
USR-01441,98.44,78.4,3.7,0.786,Sci-Fi;Action
USR-01859,56.54,41.5,6.9,0.333,Animation;Family;Action;Comedy
USR-00416,30.15,,8.7,0.139,Comedy;Animation
USR-00351,62.53,83.3,2.2,0.965,Drama
USR-01425,63.0,181.4,1.8,0.902,Mystery
USR-00903,42.01,18.9,1.2,0.459,Family
USR-00344,41.3,12.9,13.5,0.262,Animation;Comedy;Family
USR-01078,151.88,60.3,3.8,,Sci-Fi
USR-00281,24.02,9.2,8.0,0.054,Family;Comedy;Animation
USR-01043,10.42,11.7,1.4,0.447,Sci-Fi
USR-00529,65.0,110.5,2.6,0.632,Drama;Romance
USR-01137,18.6,7.2,13.5,0.138,Family;Animation;Comedy
USR-01626,157.66,106.3,5.7,0.142,Crime
USR-00576,121.0,105.5,4.3,0.698,Sci-Fi
USR-01155,102.15,52.0,7.4,0.662,Documentary;Thriller;Crime;Animation;Comedy;Mystery
USR-00211,7.58,31.3,0.2,0.874,Musical;Mystery
USR-00350,35.75,34.5,2.0,0.491,Action
USR-00324,69.9,100.3,1.9,0.663,Romance
USR-01888,102.03,30.4,10.1,0.583,Horror;Comedy;Thriller;Crime;Fantasy;Drama
USR-00555,20.47,19.0,11.4,0.385,Animation
USR-00707,110.78,50.8,8.6,0.653,Mystery;Romance;Comedy;Sci-Fi
USR-01620,59.39,18.2,9.9,0.146,Animation
USR-01330,,38.1,1.3,0.706,Fantasy
USR-00049,114.78,52.4,3.2,0.46,Thriller
USR-00210,14.9,24.2,1.5,0.596,Family
USR-01100,140.97,56.5,2.3,0.539,Action;Thriller
USR-01357,43.81,10.7,7.0,0.359,Comedy;Family;Animation
USR-01996,53.8,145.5,2.2,0.809,Mystery
USR-00986,15.16,55.2,1.6,0.763,Fantasy
USR-01116,118.73,86.3,3.1,0.592,Crime;Sci-Fi
USR-01284,36.9,16.6,17.4,0.309,Comedy
USR-00173,139.72,64.6,8.0,0.372,Action;Thriller
USR-00289,1.63,23.7,1.4,0.227,Romance;Mystery
USR-01739,14.95,23.5,10.7,0.17,Family;Comedy;Animation
USR-00247,61.08,123.4,1.8,0.717,Romance;Drama
USR-00237,105.86,,6.3,0.77,Crime;Action
USR-01286,92.26,91.3,6.5,0.416,Thriller;Crime
USR-00720,75.3,100.5,2.4,0.788,Mystery
USR-00637,88.28,86.2,7.0,0.392,Thriller
USR-00023,18.14,16.5,12.9,0.424,Comedy;Family
USR-00602,90.59,127.0,4.9,0.346,Sci-Fi;Crime
USR-00063,46.72,16.9,12.1,0.168,Comedy;Animation
USR-01723,144.53,,5.7,0.627,Thriller
USR-00188,39.48,52.6,1.4,0.196,Documentary;Crime
USR-00705,37.87,72.9,2.2,0.686,Romance;Drama
USR-01934,41.78,35.0,1.6,0.753,Mystery;Romance
USR-01335,4.31,34.1,1.0,0.27,Documentary
USR-01237,52.72,15.2,13.2,0.491,Family;Comedy;Animation
USR-01965,6.37,46.8,2.4,0.919,Crime;Romance
USR-01467,76.38,14.6,15.3,0.54,Comedy;Animation;Family
USR-00514,120.26,81.6,6.1,0.49,Crime;Sci-Fi
USR-00196,83.22,35.8,5.7,0.705,Horror;Crime;Fantasy;Sci-Fi;Comedy;Romance
USR-00471,87.13,107.7,1.9,0.826,Mystery
USR-01935,79.67,34.3,9.2,0.628,Mystery;Horror;Documentary;Fantasy;Adventure
USR-01285,32.05,34.8,1.5,0.677,Musical;Thriller
USR-00270,108.3,37.8,3.7,0.615,Romance;Adventure;Horror;Crime
USR-00438,102.92,65.7,9.0,0.29,Fantasy;Sci-Fi;Adventure;Comedy;Animation
USR-00100,128.42,125.2,5.6,0.869,Thriller;Sci-Fi
USR-01666,99.25,103.3,3.7,0.438,Sci-Fi;Action
USR-01538,173.51,97.5,3.2,0.234,Thriller;Crime
USR-01953,133.83,61.6,6.2,0.498,Sci-Fi;Documentary;Family;Horror;Animation
USR-00220,4.8,21.0,1.3,0.356,Mystery
USR-00366,66.69,119.7,2.0,0.651,Drama
USR-01134,33.93,25.4,1.6,,Mystery;Fantasy
USR-00674,,17.8,13.1,0.479,Animation;Family;Comedy
USR-01058,64.28,17.4,13.4,0.234,Family;Comedy;Animation
USR-01033,74.91,76.0,5.0,0.425,Sci-Fi;Thriller
USR-00368,121.45,69.7,3.2,0.613,Thriller
USR-00613,156.25,54.9,8.3,0.493,Sci-Fi;Crime
USR-01265,87.57,93.1,5.2,0.63,Action
USR-01374,107.89,95.2,8.7,0.778,Thriller;Sci-Fi
USR-01647,93.17,31.6,6.9,0.607,Musical;Romance;Fantasy;Family
USR-00306,5.12,31.3,0.9,0.64,Family
USR-00483,57.7,35.0,1.7,0.657,Musical;Thriller
USR-01628,98.78,91.5,3.5,0.701,Action
USR-00730,115.64,96.9,3.5,0.6,Action;Sci-Fi
USR-00115,43.28,108.3,2.0,0.813,Drama;Mystery
USR-01952,0.18,39.1,1.6,0.33,Animation
USR-01403,107.11,54.3,5.2,0.563,
USR-00482,49.48,14.5,15.2,0.226,Comedy;Family
USR-01604,150.74,125.3,5.3,0.604,Sci-Fi
USR-00651,4.38,23.7,1.1,0.213,Action;Musical
USR-01623,54.16,149.3,1.9,0.723,Mystery
USR-01004,108.14,26.0,5.6,0.777,Action;Family;Musical;Thriller;Adventure
USR-01274,36.25,21.8,14.0,0.115,Family;Comedy;Animation
USR-00078,25.05,13.6,8.6,0.084,Comedy;Family;Animation
USR-00829,36.64,15.9,9.4,0.278,Family;Animation
USR-00032,123.34,67.7,5.1,0.507,Crime
USR-00914,4.01,36.9,1.7,0.248,Comedy
USR-00936,100.34,93.9,4.2,0.174,Crime
USR-00382,19.2,33.8,,0.186,Adventure
USR-00630,91.9,57.8,5.8,0.65,Action;Adventure;Mystery;Family
USR-00163,5.87,42.4,2.2,0.892,Sci-Fi;Comedy
USR-00203,57.44,151.5,1.7,0.861,Drama;Romance
USR-01355,37.94,109.9,2.0,0.99,Mystery
USR-01193,7.16,19.7,1.7,0.506,Sci-Fi
USR-01575,132.85,136.7,3.9,0.402,Action
USR-00916,61.29,5.3,14.0,0.534,Family;Animation;Comedy
USR-01249,36.39,9.8,2.1,0.172,Crime
USR-01980,161.82,99.0,4.5,0.579,Crime
USR-01712,97.03,43.6,7.5,0.32,Crime;Family;Drama;Action
USR-01699,18.62,14.6,0.4,0.224,Crime
USR-01639,54.1,110.3,1.9,0.621,Mystery
USR-01383,52.02,11.3,11.7,0.271,Animation;Family;Comedy
USR-00218,0.66,29.1,0.9,0.265,Musical;Thriller
USR-01945,,10.1,1.7,0.588,Drama
USR-01587,22.01,14.1,12.3,0.358,Comedy;Family
USR-00861,20.89,19.3,10.0,0.18,Family;Comedy
USR-00353,107.56,70.1,5.8,0.528,Thriller;Crime
USR-00712,56.54,19.3,11.4,0.454,Animation
USR-00059,38.45,6.8,11.5,0.451,Family
USR-01083,61.99,102.0,2.0,0.715,Romance
USR-00297,145.9,91.4,2.0,0.751,Crime;Action
USR-00073,84.5,63.3,8.6,0.275,Adventure;Thriller;Action;Family
USR-00162,3.54,22.3,1.9,0.585,Horror
USR-00963,58.4,17.3,17.3,0.073,Family;Animation;Comedy
USR-01547,22.0,20.7,1.1,0.33,Horror
USR-01503,43.25,15.6,14.2,0.161,Family
USR-01052,52.32,111.6,2.1,0.696,Romance;Drama
USR-01766,109.14,77.4,6.1,0.947,Musical;Horror;Adventure;Family;Mystery;Animation
USR-01023,53.94,,2.6,0.77,Mystery;Drama
USR-00045,16.49,39.4,1.7,0.624,Thriller;Drama
USR-01263,67.06,9.0,14.1,0.472,Comedy;Animation;Family
USR-01107,137.68,55.8,6.9,0.088,Mystery;Animation;Fantasy;Sci-Fi;Documentary;Crime
USR-00432,11.47,21.7,2.4,0.242,Documentary
USR-01657,45.6,11.0,12.8,0.41,Animation;Family
USR-00076,101.44,70.1,7.0,0.536,Horror;Animation;Fantasy;Family;Mystery
USR-01931,9.32,24.7,1.0,0.979,Mystery
USR-01424,106.26,100.4,1.8,0.682,Romance
USR-01472,103.17,118.5,1.7,0.87,Drama;Romance
USR-00478,76.13,134.7,1.9,0.858,Drama;Romance
USR-00453,77.75,129.6,1.6,0.898,Romance;Drama
USR-00383,56.65,142.6,2.5,0.959,Drama
USR-00926,23.59,13.2,12.1,0.163,Comedy
USR-00030,29.23,28.7,,0.952,Family;Crime
USR-01392,85.84,76.9,3.2,0.296,Crime;Thriller
USR-01523,141.17,88.7,3.8,0.542,Sci-Fi
USR-00999,29.56,13.9,11.9,0.23,Comedy
USR-01113,8.72,34.0,,0.236,Sci-Fi;Documentary
USR-01057,34.51,14.6,9.3,0.31,Animation
USR-01173,50.64,5.6,11.0,0.579,Animation;Comedy
USR-00862,1.38,31.4,0.3,0.617,Crime;Action
USR-01561,115.89,127.6,6.6,0.276,Action
USR-01578,15.75,22.0,1.6,0.73,Horror
USR-01391,121.36,113.5,3.5,0.486,Thriller
USR-01976,12.94,8.9,7.9,0.157,Animation;Family
USR-00044,40.45,18.0,10.6,0.183,Animation;Comedy
USR-00494,38.92,12.7,15.0,0.291,Animation
USR-00168,97.19,95.7,7.3,0.547,Action;Sci-Fi
USR-00303,33.45,27.7,1.2,0.864,Drama
USR-01303,3.21,23.4,1.6,0.643,Comedy
USR-00420,,54.7,5.8,0.325,Adventure;Romance;Horror;Documentary;Comedy;Thriller
USR-01939,184.64,76.2,3.5,0.607,Sci-Fi;Crime
USR-00611,124.8,57.2,5.6,0.486,Documentary;Crime;Mystery;Action;Animation
USR-01734,156.85,75.7,4.8,0.44,Sci-Fi;Action
USR-01292,9.98,34.2,1.7,0.524,Horror
USR-01664,33.69,96.7,1.6,0.722,Romance;Drama
USR-00585,103.49,116.7,,0.499,Thriller;Sci-Fi
USR-01974,22.56,20.4,9.9,0.048,Animation
USR-00802,36.19,30.4,0.6,0.38,Sci-Fi;Animation
USR-01283,103.71,103.4,4.8,0.623,Action;Crime
USR-01290,41.65,13.2,13.1,0.211,Animation;Family;Comedy
USR-00414,0.65,61.0,1.4,0.752,Fantasy;Comedy
USR-00185,30.18,27.0,0.9,0.578,Documentary
USR-00710,102.9,61.3,3.6,0.522,Crime;Documentary;Drama;Action;Comedy
USR-01170,43.48,43.1,2.2,0.4,Drama
USR-01211,60.59,11.1,10.8,,Animation;Family
USR-00300,135.83,104.1,4.4,0.611,Sci-Fi;Crime
USR-01576,154.1,107.0,4.2,0.609,Sci-Fi
USR-01743,,63.1,6.4,0.406,Action
USR-00939,0.1,13.8,1.2,0.421,Fantasy
USR-01611,15.07,33.7,1.2,0.799,Drama
USR-00817,52.33,19.8,11.7,0.349,Comedy
USR-01947,95.79,63.4,4.4,,Crime
USR-01375,112.78,119.9,3.0,0.664,Romance;Mystery
USR-00987,43.79,27.1,16.6,0.101,Comedy;Animation;Family
USR-00175,92.39,118.5,4.1,0.278,Crime;Sci-Fi
USR-01179,4.09,21.2,1.1,0.684,Drama;Mystery
USR-00694,107.36,101.0,5.2,0.424,Action
USR-01621,167.27,104.0,6.4,0.24,Sci-Fi
USR-00123,137.61,55.9,3.6,0.732,Crime
USR-00367,89.67,125.3,1.5,0.675,Romance;Drama
USR-01532,100.62,70.1,9.0,0.57,Documentary;Horror;Mystery;Fantasy;Musical;Crime
USR-00788,44.93,12.1,14.3,0.185,Animation;Comedy
USR-00039,38.82,25.6,8.5,0.415,Family
USR-00715,85.6,163.0,1.4,0.748,Drama
USR-00950,10.94,39.7,1.0,0.655,Crime
USR-00331,115.9,45.7,6.7,0.785,Comedy;Thriller;Horror;Family;Romance
USR-01498,54.53,15.8,8.6,0.094,Animation
USR-00194,15.68,17.2,13.8,0.451,Animation;Family;Comedy
USR-00527,33.86,16.2,14.1,0.27,Comedy;Family
USR-00965,19.71,14.6,5.6,,Family;Comedy;Animation
USR-01726,2.65,31.1,2.7,0.868,Crime
USR-00322,52.66,24.8,1.2,,Animation;Mystery
USR-01204,38.93,15.8,13.7,0.117,Family
USR-00266,5.81,49.5,1.6,0.851,Adventure;Crime
USR-01255,29.56,24.0,10.1,0.024,Animation;Comedy;Family
USR-01440,62.61,140.6,2.3,0.731,Mystery;Drama
USR-00067,84.56,97.4,4.1,0.836,Sci-Fi;Adventure;Fantasy;Mystery;Comedy;Documentary
USR-01846,137.58,54.5,4.0,0.435,Thriller
USR-01812,58.62,4.4,13.4,0.21,Animation
USR-00680,92.32,39.0,10.2,0.332,Drama;Comedy;Adventure;Romance
USR-00485,,138.9,2.4,0.874,Romance
USR-00480,9.99,39.6,0.8,0.439,Fantasy
USR-01421,3.86,34.6,1.3,0.334,Animation;Fantasy
USR-00706,24.15,19.3,15.8,0.795,Animation;Comedy;Family
USR-00548,12.85,22.8,1.2,0.477,Drama
USR-01422,129.08,90.3,4.5,0.63,Thriller
USR-00427,72.23,157.3,3.1,0.613,Mystery
USR-01645,79.82,54.1,9.3,0.233,Action;Musical;Horror;Sci-Fi;Mystery
USR-01487,4.13,28.5,1.4,0.101,Action;Fantasy
USR-00479,1.67,30.0,2.4,0.327,Mystery
USR-00450,73.98,45.6,3.7,0.306,Drama;Adventure;Family;Fantasy;Sci-Fi
USR-00925,137.64,102.2,5.7,0.583,Action
USR-00617,27.05,22.1,9.5,0.232,Comedy;Animation;Family
USR-01541,153.61,93.4,6.8,0.458,Thriller;Sci-Fi
USR-01961,75.22,18.0,15.1,0.331,Comedy
USR-01670,24.45,10.2,13.9,0.315,Family;Comedy;Animation
USR-00943,82.53,31.8,6.1,0.308,Drama;Family;Thriller;Mystery
USR-01794,74.76,115.2,6.1,0.353,Sci-Fi;Thriller
USR-01111,89.55,78.0,5.6,0.731,Crime
USR-00693,155.23,113.8,6.7,0.791,Thriller;Action
USR-01492,120.29,119.0,7.0,0.306,Action;Sci-Fi
USR-00921,36.1,13.6,,0.327,Family;Animation;Comedy
USR-00261,,136.8,2.9,0.526,Mystery
USR-00746,46.31,13.6,9.1,0.604,Comedy;Animation;Family
USR-01380,71.33,49.4,5.3,0.342,Sci-Fi;Thriller
USR-00240,96.42,140.1,2.0,0.829,Mystery
USR-01644,132.04,74.2,3.2,0.404,Sci-Fi
USR-00986,15.16,55.2,1.6,0.763,Fantasy
USR-00579,33.68,18.1,14.8,0.139,Comedy
USR-01350,105.84,99.1,1.8,0.971,Mystery
USR-00552,41.65,50.9,1.3,0.282,Musical
USR-00365,27.98,13.6,15.7,0.14,Comedy
USR-01029,151.21,24.8,8.2,0.079,Crime;Musical;Adventure;Sci-Fi;Comedy
USR-01741,96.12,82.8,6.6,0.621,Crime;Animation;Family;Romance;Sci-Fi
USR-00591,8.86,28.7,1.9,0.109,Family
USR-00741,22.16,,13.2,0.482,Comedy
USR-01281,,67.7,11.4,0.452,Thriller;Comedy;Fantasy;Mystery
USR-00583,48.36,14.6,12.3,0.056,Family;Comedy
USR-00071,161.55,77.9,4.9,0.582,Thriller
USR-00887,111.62,82.6,4.9,0.537,Crime
USR-00259,178.03,,5.0,0.612,Action
USR-00051,94.93,38.4,7.3,0.598,Action;Family;Fantasy;Drama;Sci-Fi;Documentary
USR-00198,110.24,78.9,1.7,0.763,Drama
USR-01181,42.04,7.7,17.7,0.631,Comedy;Family
USR-00654,36.21,5.4,9.5,0.272,Family;Animation;Comedy
USR-00332,113.37,91.4,5.3,0.837,Thriller
USR-01488,32.67,18.8,10.2,0.106,Comedy;Animation
USR-00596,,30.3,1.2,0.468,Drama;Crime
USR-01693,122.4,67.6,9.0,0.645,Sci-Fi
USR-01165,84.39,40.5,9.6,0.776,Comedy;Romance;Animation;Horror;Family;Adventure
USR-00962,141.37,105.8,5.1,0.404,Action
USR-00907,52.86,12.8,10.2,0.18,Family;Comedy
USR-00888,105.99,,4.0,0.564,Thriller
USR-00704,154.63,69.3,6.3,0.501,Thriller;Action
USR-00426,64.27,16.6,10.0,0.392,Comedy
USR-01342,39.93,67.4,2.4,0.728,Drama
USR-01783,6.11,28.9,1.3,0.912,Comedy;Action
USR-00593,37.38,11.6,10.0,0.375,Comedy
USR-00990,90.17,51.4,10.5,0.541,Sci-Fi;Documentary;Family;Musical;Comedy;Crime
USR-01991,160.01,81.6,4.9,0.692,Action;Sci-Fi
USR-00582,52.13,8.0,14.8,0.12,Comedy
USR-00727,80.4,33.1,8.7,0.813,Fantasy;Comedy;Drama;Mystery
USR-00398,99.17,36.4,7.2,0.503,Adventure;Mystery;Animation;Crime
USR-00572,39.42,22.7,17.8,0.308,Family;Comedy;Animation
USR-00436,164.34,93.2,3.4,0.547,Action
USR-00192,58.99,182.3,2.5,0.871,Drama
USR-01656,85.68,30.7,1.4,0.467,Sci-Fi
USR-00618,74.97,23.5,7.7,0.465,Romance;Mystery;Thriller;Horror
USR-00292,84.22,66.7,4.1,0.612,Mystery;Documentary;Comedy;Animation;Romance;Horror
USR-01583,44.84,21.4,11.9,0.113,Comedy;Animation
USR-01565,33.18,12.5,10.0,0.254,Animation
USR-00812,108.39,73.9,4.3,0.734,Thriller
USR-01549,4.76,10.1,1.2,0.86,Adventure
USR-00507,84.52,32.9,10.0,0.188,Crime;Adventure;Thriller;Animation;Family
USR-00141,44.77,6.3,,0.217,Family
USR-01404,8.03,25.8,2.2,0.208,Action
USR-00002,50.94,37.1,8.6,0.523,Mystery;Comedy;Crime;Family
USR-00756,,21.0,1.3,0.607,Horror
USR-01884,162.76,118.2,3.2,0.455,Sci-Fi
USR-01259,0.8,23.7,1.6,0.201,Sci-Fi;Action
USR-00339,123.98,86.5,3.3,0.626,Sci-Fi
USR-01544,76.05,125.1,1.4,0.825,Drama
USR-00982,161.1,33.7,3.8,0.785,Crime
USR-00538,23.09,14.7,12.8,0.214,Animation;Family
USR-00265,78.57,48.5,9.1,0.159,Mystery;Fantasy;Action;Family;Horror;Drama
USR-00376,111.56,25.0,2.6,0.327,Romance;Crime;Drama;Family
USR-00692,0.39,14.5,1.6,0.654,Crime;Fantasy
USR-01691,7.56,23.5,1.7,0.1,Drama;Crime
USR-00439,189.63,102.1,3.6,0.631,Sci-Fi
USR-00271,118.51,82.5,2.5,0.285,Animation;Action;Mystery;Crime
USR-00184,19.55,16.3,16.2,0.236,Comedy;Family;Animation
USR-00948,79.0,102.3,2.2,0.867,Drama;Mystery
USR-00244,128.99,71.2,5.1,0.876,Action;Sci-Fi
USR-01091,17.88,28.5,1.0,0.26,Crime
USR-00445,51.17,57.3,2.7,0.463,Mystery
USR-00599,120.23,54.7,4.4,0.626,Thriller;Sci-Fi
USR-00824,12.24,28.1,0.6,0.207,Fantasy;Family
USR-01651,27.94,15.8,12.5,0.443,Comedy;Family;Animation
USR-01417,105.47,74.0,3.4,0.551,Crime;Thriller
USR-01322,52.4,147.9,2.0,0.885,Romance;Drama
USR-00978,34.7,13.9,14.7,0.124,Animation;Comedy
USR-00415,25.41,15.2,12.6,0.751,Comedy;Animation;Family
USR-00273,57.94,129.5,2.3,0.818,Mystery
USR-00736,37.66,15.6,13.6,0.333,Family
USR-01650,79.64,91.2,4.6,0.716,Action
USR-01465,109.76,87.5,6.4,0.488,Action
USR-00250,43.02,14.3,12.2,0.108,Family;Animation
USR-00413,10.96,17.7,1.2,0.249,Drama;Thriller
USR-00620,163.96,69.4,5.9,0.354,Action
USR-01316,21.5,42.0,1.6,0.559,Animation;Documentary
USR-01774,150.03,43.2,7.7,0.605,Animation;Romance;Mystery;Comedy;Thriller
USR-00310,34.45,17.2,12.3,0.254,Comedy
USR-00777,112.92,48.9,4.9,0.492,Musical;Sci-Fi;Adventure;Documentary
USR-00381,3.36,23.0,1.0,0.705,Thriller
USR-00561,112.82,89.2,5.1,0.704,Crime
USR-00425,10.51,38.0,1.6,0.805,Mystery
USR-01889,95.3,167.1,2.6,0.914,Drama
USR-00534,90.61,46.8,8.6,0.666,Romance;Horror;Thriller;Comedy;Adventure
USR-00757,9.35,30.7,1.4,0.923,Romance;Musical
USR-00771,78.51,50.4,5.6,0.538,Animation;Fantasy;Horror;Crime
USR-01366,60.9,47.1,10.1,0.754,Thriller;Fantasy;Action;Drama
USR-00408,72.9,128.4,2.1,0.556,Romance
USR-01625,4.86,27.0,1.2,0.09,Fantasy;Musical
USR-01600,137.9,88.0,3.2,0.513,Sci-Fi
USR-01954,63.4,91.5,1.2,0.716,Drama;Romance
USR-01161,136.8,106.5,6.8,0.447,Thriller;Action
USR-00944,136.53,75.4,6.6,0.499,Sci-Fi
USR-01159,104.8,86.5,3.1,0.507,Action
USR-01569,50.71,17.2,9.3,0.334,Comedy;Family;Animation
USR-00650,174.6,92.0,4.7,0.064,Crime
USR-01912,78.46,121.3,2.4,0.897,Romance;Mystery
USR-00182,110.94,102.3,2.4,0.919,Mystery;Drama
USR-00170,1.02,21.6,1.5,0.974,Horror;Thriller
USR-01942,105.52,,10.1,0.556,Romance;Action;Sci-Fi;Horror
USR-00590,100.16,80.5,4.8,0.687,Crime;Sci-Fi
USR-01891,34.76,9.7,11.9,0.179,Comedy;Animation
USR-01696,109.71,56.4,4.8,0.449,Thriller;Crime
USR-00857,,17.0,10.7,0.223,Animation;Family
USR-00272,35.83,130.4,1.6,0.885,Drama
USR-01560,46.38,9.4,11.1,0.038,Family
USR-01545,61.88,13.8,12.7,0.312,Comedy
USR-01452,53.86,174.5,1.1,0.973,Romance;Drama
USR-00371,55.99,93.4,6.7,0.299,Sci-Fi;Thriller
USR-00222,104.15,74.4,3.5,0.442,Crime
USR-00904,39.9,8.2,9.9,0.216,Comedy;Animation
USR-01758,110.67,60.5,4.0,0.681,Thriller;Action
USR-01319,76.44,103.7,5.2,0.819,Sci-Fi
USR-00518,129.22,144.1,3.3,0.844,Romance;Drama
USR-00334,,104.0,5.5,0.32,Sci-Fi
USR-01581,47.55,16.8,11.2,0.15,Family;Comedy;Animation
USR-01344,123.69,45.2,5.1,0.262,Family;Mystery;Sci-Fi;Action
USR-01811,95.21,69.5,,0.334,Musical;Thriller;Fantasy;Romance;Mystery
USR-00607,26.84,19.4,,0.091,Family
USR-00015,139.51,78.6,3.0,0.633,Sci-Fi
USR-01460,75.73,16.1,14.0,0.198,Family;Animation;Comedy
USR-01989,106.42,41.9,6.3,0.666,Musical;Romance;Horror;Comedy;Action;Drama
USR-01550,88.63,125.6,2.9,0.916,Romance;Drama
USR-01871,130.05,105.1,2.7,0.622,Sci-Fi
USR-00610,109.6,84.4,6.0,0.636,Sci-Fi
USR-01448,68.36,165.6,2.6,0.816,Romance;Mystery
USR-00465,36.68,7.8,14.9,0.42,Comedy
USR-01401,164.28,91.5,8.7,0.518,Sci-Fi;Thriller
USR-00199,69.74,21.2,10.0,0.291,Musical;Adventure;Sci-Fi;Action;Family;Documentary
USR-01280,15.1,24.1,1.7,0.432,Documentary;Animation
USR-01341,12.52,19.6,14.6,0.396,Animation
USR-01867,170.3,100.4,2.5,0.664,Sci-Fi
USR-01309,80.25,44.2,9.6,0.379,Comedy;Action;Drama;Crime;Romance;Mystery
USR-01742,93.51,50.1,9.3,0.558,Family;Crime;Drama;Adventure;Mystery;Musical
USR-01624,147.81,76.5,4.3,0.633,Sci-Fi;Action
USR-01754,77.21,133.1,1.9,0.624,Romance
USR-01423,144.38,84.0,3.8,0.811,Sci-Fi;Action
USR-00976,2.42,31.2,1.3,0.74,Drama;Horror
USR-00570,17.83,24.9,,0.932,Family
USR-00043,72.9,91.2,2.5,0.975,Mystery;Drama
USR-00274,4.63,21.8,1.2,0.963,Family
USR-01749,159.84,62.5,4.9,0.624,Thriller;Action
USR-00101,28.96,28.1,1.5,0.463,Comedy;Musical
USR-01427,95.7,115.3,1.2,0.91,Romance;Drama
USR-00733,20.46,14.6,1.4,0.783,Adventure
USR-01399,44.56,38.3,6.8,0.594,Family;Romance;Drama;Crime;Documentary;Mystery
USR-00107,59.29,50.7,10.2,0.246,Mystery;Thriller;Documentary;Drama;Horror
USR-01041,110.37,35.1,7.3,0.301,Horror;Mystery;Musical;Thriller;Drama;Sci-Fi
USR-00497,96.38,94.1,6.0,0.479,Crime
USR-01995,28.5,,1.5,0.782,Fantasy;Musical
USR-00889,133.86,87.8,6.7,,Sci-Fi
USR-01433,7.87,42.0,1.4,0.501,Sci-Fi;Romance
USR-01610,70.51,85.1,2.4,0.795,Mystery
USR-01114,35.46,23.0,1.2,0.602,Crime;Fantasy
USR-01616,72.7,135.1,2.7,0.356,Drama
USR-00619,65.0,77.9,3.6,0.19,Sci-Fi;Comedy;Musical;Romance;Documentary;Crime
USR-00865,7.35,36.5,1.2,0.38,Fantasy
USR-00072,114.79,79.0,3.7,0.596,Sci-Fi;Action
USR-01247,140.49,73.6,4.8,0.293,Crime
USR-01222,54.13,19.8,13.0,0.149,Family;Animation;Comedy
USR-01175,19.58,19.1,1.2,0.745,Documentary;Thriller
USR-01494,18.66,41.3,2.0,0.526,Thriller
USR-00481,6.81,27.3,2.0,0.353,Drama;Family
USR-01075,27.56,19.6,14.2,0.358,Animation;Family;Comedy
USR-00506,67.06,156.5,0.8,0.862,Romance;Mystery
USR-00679,112.38,80.3,2.4,0.766,Romance;Drama
USR-01235,43.03,19.5,16.5,0.413,Comedy
USR-00258,0.33,25.0,1.3,0.866,Horror;Sci-Fi
USR-00745,78.67,97.7,2.2,0.693,Drama;Romance
USR-01117,57.53,118.1,1.4,0.848,Romance;Mystery
USR-01239,135.96,89.2,5.5,0.455,Sci-Fi
USR-00311,105.92,114.7,4.2,0.653,Sci-Fi
USR-00834,40.58,11.6,8.6,0.323,Animation;Comedy
USR-00405,33.93,128.0,2.1,0.752,Drama
USR-01918,28.75,10.7,10.5,0.198,Comedy
USR-01151,95.16,37.7,8.2,0.59,Musical;Horror;Comedy;Fantasy;Family;Animation
USR-00309,42.08,9.6,9.4,0.229,Comedy;Family
USR-00226,89.92,87.1,1.3,0.609,Romance;Drama
USR-01711,122.43,116.3,7.5,0.722,Sci-Fi
USR-01006,28.64,20.3,1.3,0.91,Thriller;Adventure
USR-01640,4.47,33.0,0.6,0.391,Crime;Sci-Fi
USR-00832,110.69,69.6,6.5,0.276,Thriller
USR-01436,30.17,20.1,11.3,0.65,Animation;Family
USR-00148,126.76,103.9,3.1,0.468,Action;Sci-Fi
USR-00744,119.2,83.8,4.8,0.602,Thriller;Action
USR-01084,87.42,107.1,1.7,0.667,Romance;Mystery
USR-00838,16.62,31.7,2.5,0.871,Sci-Fi;Crime
USR-01220,62.85,109.8,1.6,0.96,Drama;Mystery
USR-00845,40.51,10.7,10.6,0.225,Family;Comedy;Animation
USR-00575,54.55,118.3,1.2,0.765,Romance
USR-00557,169.44,82.1,4.4,0.21,Thriller
USR-00701,103.71,104.3,4.6,0.808,Thriller
USR-01163,108.24,40.4,7.7,0.518,Documentary;Musical;Adventure;Animation;Romance
USR-01356,89.35,78.6,1.9,0.912,Drama;Romance
USR-01169,28.22,10.8,13.5,0.362,Animation
USR-01660,30.26,24.8,1.4,0.799,Animation;Sci-Fi
USR-00966,53.33,26.7,3.8,0.508,Animation;Thriller;Drama;Musical;Action
USR-00286,39.79,6.7,11.1,0.21,Comedy;Family;Animation
USR-01615,32.21,43.2,1.0,0.569,Crime
USR-00743,24.06,24.6,1.3,0.534,Fantasy
USR-00598,138.11,92.2,5.0,0.443,Thriller;Crime
USR-00940,19.47,11.2,,0.831,Comedy
USR-01471,69.19,71.7,7.9,0.488,Fantasy;Comedy;Family;Horror;Action;Romance
USR-01658,51.61,16.5,16.6,0.1,Animation;Family;Comedy
USR-01826,121.41,62.0,1.9,0.296,Action
USR-01047,117.24,84.6,7.6,0.802,Thriller;Action
USR-01331,95.21,54.9,8.9,0.808,Comedy;Romance;Fantasy;Animation
USR-00813,49.62,95.6,1.8,0.593,Drama
USR-01688,5.66,41.3,1.6,0.843,Romance
USR-01000,94.02,89.7,4.4,0.523,Sci-Fi;Thriller
USR-01470,23.76,35.7,1.7,0.538,Thriller;Crime
USR-01506,13.61,28.4,1.6,0.496,Crime
USR-00609,11.73,27.7,1.6,0.863,Crime
USR-01798,122.07,80.4,4.7,0.56,Crime;Sci-Fi
USR-01087,96.1,99.0,3.5,0.402,Thriller
USR-01432,21.75,16.5,16.6,0.67,Family;Animation;Comedy
USR-01738,52.48,9.7,13.8,0.352,Comedy;Family
USR-00493,159.79,127.8,5.9,0.481,Crime;Thriller
USR-01329,36.81,13.7,13.8,0.211,
USR-00277,0.61,40.8,1.3,0.152,Crime;Animation
USR-01860,86.55,,5.6,0.822,Crime;Action;Mystery;Fantasy;Documentary
USR-00358,70.27,126.1,2.7,0.896,Drama;Mystery
USR-01118,65.88,15.9,7.3,0.219,Animation;Family
USR-00236,32.17,17.5,11.6,0.301,Animation;Comedy
USR-00551,72.25,121.3,2.3,0.345,Romance;Drama
USR-01881,93.27,152.1,1.2,0.853,Mystery
USR-00905,95.09,157.5,2.2,0.675,Drama
USR-00208,115.49,119.1,4.8,0.383,Thriller
USR-01592,71.06,89.9,5.6,0.473,Sci-Fi;Crime
USR-01571,,60.1,2.0,0.285,Action
USR-00058,79.46,93.5,5.4,0.282,Thriller
USR-00631,106.46,153.0,2.9,0.864,Romance;Drama
USR-01681,51.85,,3.1,0.713,Mystery;Drama
USR-01873,111.03,63.2,6.4,,Fantasy;Comedy;Musical;Drama;Horror
USR-01588,,2.8,12.0,0.167,
USR-00363,12.38,38.2,2.1,0.805,Fantasy
USR-00505,159.36,108.7,3.3,0.497,Thriller;Sci-Fi
USR-01287,66.83,21.0,14.8,0.359,Comedy;Animation;Family
USR-01320,117.78,103.2,6.1,0.829,Thriller
USR-01614,,20.7,15.3,0.226,Animation;Comedy
USR-01233,168.82,60.3,5.7,0.779,Sci-Fi;Action
USR-00849,31.07,19.2,1.3,0.348,Horror;Action
USR-01866,141.25,109.1,5.4,0.162,Thriller
USR-01559,66.44,,1.1,0.934,Mystery;Romance
USR-00118,59.93,140.6,1.5,0.756,Romance;Drama
USR-01770,30.1,13.8,13.3,0.681,Animation;Comedy
USR-00772,112.74,58.2,9.1,0.235,Crime
USR-00522,90.61,124.0,2.0,0.715,Romance;Drama
USR-00513,65.69,149.8,1.9,0.641,Romance;Mystery
USR-00081,60.3,42.4,1.9,0.534,Drama;Comedy
USR-01883,108.57,32.7,7.3,0.222,Adventure;Mystery;Drama;Animation;Documentary;Horror
USR-01102,52.76,98.7,2.2,0.928,Drama;Mystery
USR-00380,,,4.5,0.689,Crime
USR-01036,50.8,19.5,9.2,0.442,Family;Comedy
USR-01701,18.27,14.6,15.4,0.282,Comedy;Animation
USR-00084,46.54,14.4,9.8,0.107,Comedy
USR-01690,153.82,97.1,3.9,0.163,Action;Thriller
USR-00329,155.98,111.4,5.5,0.653,Sci-Fi;Crime
USR-00006,135.34,107.7,4.9,0.165,Sci-Fi
USR-01677,39.42,22.7,,0.31,Animation;Family;Comedy
USR-01665,86.36,176.8,1.1,0.887,Romance;Mystery
USR-00922,74.96,87.9,2.3,0.79,Romance
USR-00881,5.99,14.6,1.7,0.603,Drama
USR-00451,11.68,34.6,2.4,0.784,Animation;Documentary
USR-00490,15.78,15.4,12.7,0.105,Animation;Family
USR-01491,15.68,16.2,11.2,0.137,Comedy
USR-00287,51.78,36.6,1.5,0.098,Thriller;Documentary
USR-01262,32.7,15.4,14.1,0.256,Family;Animation
USR-01886,81.23,103.0,3.2,0.385,Crime;Sci-Fi
USR-01378,30.36,13.7,17.1,0.636,Comedy
USR-01992,6.88,17.3,1.5,0.107,Family
USR-00759,47.3,32.9,10.4,0.708,Sci-Fi;Horror;Action;Crime
USR-00807,99.59,2.3,2.1,0.756,Mystery;Romance
USR-01827,37.08,179.4,1.0,0.932,Romance;Drama
USR-00836,102.42,134.6,,0.719,Drama
USR-00886,3.94,31.9,0.9,0.352,Romance
USR-01232,140.35,96.8,7.8,0.774,Crime;Action
USR-01176,918.96,18.4,5.6,0.523,Horror;Drama;Family;Romance;Fantasy;Action
USR-01662,61.24,116.2,2.0,,Drama;Romance
USR-00327,12.21,26.8,1.8,0.386,Horror;Documentary
USR-00442,56.63,8.5,10.0,0.162,Animation;Comedy
USR-00780,36.11,37.4,1.4,0.423,Documentary;Romance
USR-01876,29.58,11.8,1.1,0.115,Sci-Fi
USR-00932,50.3,144.2,1.9,0.617,Romance
USR-01960,169.1,104.7,5.9,0.847,Thriller
USR-00177,14.69,13.5,10.9,0.244,Family;Animation;Comedy
USR-01824,27.26,28.8,1.5,0.786,Sci-Fi;Romance
USR-01196,68.34,159.4,1.0,0.866,Romance;Mystery
USR-00086,96.79,25.6,8.0,0.392,Documentary;Sci-Fi;Romance;Mystery
USR-01418,47.78,8.3,14.2,0.184,Comedy;Animation
USR-01914,32.13,13.0,13.7,0.26,Animation
USR-00457,20.43,13.2,11.4,0.409,Family
USR-01955,57.06,79.2,2.3,0.676,Romance
USR-00054,0.66,40.0,1.8,0.284,Musical
USR-01512,95.39,117.4,2.9,0.804,Mystery
USR-00643,26.78,15.5,15.5,,Animation
USR-00677,27.44,19.5,14.8,0.25,Family;Animation;Comedy
USR-00221,37.45,28.7,1.6,0.711,Comedy;Mystery
USR-00113,98.26,39.7,10.1,0.153,Animation;Documentary;Action;Sci-Fi;Fantasy;Musical
USR-01608,96.19,103.0,6.0,0.453,Action
USR-01807,125.44,99.9,7.6,0.465,Sci-Fi;Crime
USR-01379,55.4,15.5,1.3,0.889,Mystery
USR-00174,19.65,14.5,2.2,0.108,Crime
USR-00787,34.04,14.1,9.1,0.076,Animation;Family
USR-00589,149.15,105.2,4.4,0.512,Sci-Fi;Action
USR-01847,85.79,63.8,3.6,0.551,Sci-Fi
USR-00018,62.92,15.4,15.5,0.124,Animation;Family;Comedy
USR-00423,45.11,23.5,14.1,0.229,Family
USR-01352,38.67,15.5,10.1,0.047,Comedy;Family;Animation
USR-00285,133.56,84.4,2.2,0.506,Action
USR-01594,56.7,51.0,10.7,0.506,Thriller;Animation;Horror;Crime;Family
USR-00428,31.99,1.0,13.2,0.29,Animation
USR-01760,54.39,20.1,10.6,0.215,Family;Animation;Comedy
USR-00755,31.74,45.3,2.2,0.388,Action;Documentary;Comedy;Horror
USR-00669,38.35,4.9,8.0,0.364,Comedy;Animation;Family
USR-00031,126.83,47.7,6.9,0.271,Sci-Fi;Thriller
USR-00949,4.45,34.0,1.2,0.122,Thriller
USR-00722,98.8,,4.9,0.327,Thriller
USR-01510,69.39,35.4,8.0,0.741,Horror;Musical;Adventure;Mystery;Documentary;Romance
USR-00214,68.97,59.0,,0.389,Action;Fantasy;Mystery;Romance
USR-00892,92.64,22.8,8.1,0.879,Romance;Mystery;Horror;Family;Drama
USR-01789,1.55,30.6,1.8,0.683,Adventure
USR-00326,53.68,25.7,1.0,0.291,Horror;Crime
USR-00560,73.58,52.2,6.4,0.347,Documentary;Action;Romance;Adventure
USR-01120,81.61,112.4,2.2,0.948,Drama
USR-00700,8.18,27.2,2.0,0.835,Animation;Comedy
USR-01449,20.28,27.6,1.4,0.51,Adventure
USR-01318,144.6,108.9,4.0,0.538,Crime;Thriller
USR-00341,34.16,16.3,13.1,0.323,Comedy;Animation;Family
USR-00629,48.92,16.7,14.0,0.835,Comedy;Animation
USR-00147,16.9,24.4,1.6,0.269,Musical;Crime
USR-01389,53.43,12.3,14.8,0.367,Animation;Comedy;Family
USR-00360,46.53,23.4,15.4,0.241,Animation;Comedy
USR-00083,131.72,139.1,6.1,0.783,Sci-Fi
USR-00048,13.5,45.6,1.6,0.58,Romance;Fantasy
USR-00468,159.18,58.8,7.1,0.511,Action;Sci-Fi
USR-00155,142.19,82.8,4.9,0.467,Crime;Sci-Fi
USR-00806,63.43,158.6,1.4,0.721,Mystery;Drama
USR-01063,39.44,11.5,15.9,0.102,Animation
USR-01208,42.59,18.8,17.9,0.642,Animation
USR-01412,33.6,19.0,8.5,0.259,Animation;Comedy;Family
USR-01210,45.06,13.0,12.0,0.176,Family
USR-01641,57.06,36.8,6.8,0.191,Romance;Animation;Documentary;Musical;Sci-Fi;Crime
USR-00500,3.88,34.1,1.1,0.612,Action
USR-01777,9.4,13.7,14.7,0.088,Animation;Family
USR-00179,112.16,73.7,5.1,0.599,Thriller;Action
USR-01054,77.15,96.5,2.2,0.83,Drama;Mystery
USR-01780,124.43,77.6,5.0,0.686,Crime;Thriller
USR-01843,11.72,24.5,2.2,0.773,Animation
USR-01567,105.72,116.6,5.2,0.73,Thriller;Crime
USR-01164,86.48,77.3,7.2,0.757,Sci-Fi;Crime
USR-01630,91.26,63.9,8.9,0.497,Musical;Romance;Family;Animation
USR-00528,98.48,88.7,3.4,0.268,Action;Crime
USR-00346,40.78,37.6,1.9,0.672,Musical;Animation
USR-01767,5.15,13.4,13.7,0.385,Animation
USR-01975,71.1,171.7,2.3,0.95,Drama
USR-00818,104.6,79.6,4.3,0.485,Sci-Fi
USR-01987,52.88,16.2,12.8,0.57,Comedy
USR-01619,73.83,28.1,6.3,0.879,Mystery;Musical;Drama;Horror;Action;Thriller
USR-00601,42.13,9.9,10.5,0.266,Animation;Comedy
USR-01629,63.91,12.8,6.4,0.268,Comedy;Animation
USR-00243,25.55,9.2,14.6,0.452,Comedy;Family
USR-01455,90.25,175.9,2.3,0.853,Mystery
USR-01112,97.6,126.3,3.2,0.405,Sci-Fi;Action
USR-01486,45.67,17.5,13.9,0.501,Comedy;Family;Animation
USR-00312,116.15,45.7,4.4,0.884,Crime;Sci-Fi
USR-00435,104.33,29.9,7.5,0.638,Mystery;Family;Adventure;Animation;Romance
USR-01913,67.41,11.9,12.7,0.51,Family;Comedy;Animation
USR-00942,6.5,30.6,1.4,0.933,Crime;Comedy
USR-00308,90.48,62.0,7.2,0.832,Crime;Action;Adventure;Family;Mystery
USR-00430,79.8,85.7,9.9,0.506,Thriller
USR-00660,25.19,11.6,10.7,0.093,Animation
USR-00370,157.49,98.4,6.2,0.111,Crime;Sci-Fi
USR-00566,35.93,12.7,15.6,0.32,Family;Animation
USR-00988,115.22,71.7,6.9,0.22,Thriller;Action
USR-00181,,93.9,4.9,0.598,Sci-Fi;Action
USR-00874,97.48,96.3,6.6,0.674,Thriller;Crime
USR-00621,55.44,98.9,4.6,0.566,Crime
USR-01393,35.92,30.9,1.1,0.788,Romance
USR-01200,122.86,40.4,6.6,0.283,Musical;Romance;Comedy;Drama;Mystery;Sci-Fi
USR-01562,79.25,40.4,9.8,0.499,Drama;Crime;Family;Musical;Adventure;Horror
USR-01431,3.56,27.1,,0.062,Horror
USR-01854,46.04,66.8,1.9,0.759,Drama
USR-00930,97.58,104.0,5.2,0.248,Sci-Fi;Crime
USR-01080,130.04,28.2,5.5,0.467,Family;Comedy;Crime;Sci-Fi
USR-00296,114.11,50.4,4.7,0.116,Crime;Action;Musical;Horror;Adventure
USR-00909,68.73,14.1,12.1,0.231,Animation;Comedy;Family
USR-00461,56.86,29.4,1.2,0.636,Comedy;Documentary
USR-01564,117.12,54.6,10.4,0.538,Family;Musical;Action;Adventure;Romance
USR-01574,127.04,98.0,4.8,0.198,Sci-Fi;Thriller
USR-00377,98.88,77.5,3.5,0.717,Sci-Fi
USR-00798,0.14,44.2,1.8,0.897,Thriller;Fantasy
USR-01110,109.36,63.5,8.1,0.515,Fantasy;Musical;Drama;Family
USR-00105,135.86,80.2,4.0,0.128,Action
USR-00126,38.9,59.0,5.6,0.692,Thriller;Comedy;Family;Action
USR-01132,52.62,68.6,4.5,0.84,Sci-Fi;Action
USR-01138,29.23,19.1,10.8,0.113,Animation;Family;Comedy
USR-01007,125.72,36.6,4.9,0.799,Thriller;Animation;Musical;Documentary
USR-00355,8.63,,1.0,0.453,Thriller
USR-01627,20.43,34.9,0.8,0.227,Sci-Fi
USR-00682,135.32,65.4,4.7,0.561,Sci-Fi;Action
USR-00819,23.21,18.1,11.7,0.226,Animation
USR-00879,143.33,91.5,5.0,0.802,Action;Sci-Fi
USR-00209,96.57,81.5,2.7,0.653,Thriller
USR-01829,25.92,12.4,14.4,0.169,Family;Animation;Comedy
USR-00140,41.51,133.3,2.1,0.719,Mystery
USR-01447,104.15,,7.6,0.62,Horror;Action;Adventure;Mystery
USR-01429,46.64,96.8,1.7,0.825,Drama
USR-01924,107.24,16.6,6.7,0.519,Musical;Horror;Crime;Adventure;Mystery;Documentary
USR-01929,126.05,100.2,4.2,0.334,Thriller
USR-01103,58.71,130.4,2.4,0.832,Romance;Drama
USR-01977,40.25,13.9,11.8,0.359,Family;Comedy
USR-01477,151.35,59.3,3.9,0.542,Crime;Fantasy;Drama;Horror;Adventure
USR-00711,50.72,29.4,1.8,0.72,Action
USR-01303,3.21,23.4,1.6,0.643,Comedy
USR-00941,6.93,26.7,1.7,0.876,Animation;Family
USR-00979,16.96,42.6,1.7,0.887,Family;Drama
USR-00010,128.8,88.5,3.1,0.297,Thriller;Sci-Fi
USR-01735,67.54,104.0,2.4,0.928,Mystery;Romance
USR-01131,4.28,11.9,7.9,0.038,Animation;Family;Comedy
USR-00282,24.14,18.1,9.4,0.157,Comedy;Animation
USR-00810,67.7,84.5,2.5,0.962,Drama;Romance
USR-01464,72.17,131.4,1.9,0.812,Romance;Drama
USR-00291,123.97,87.7,3.7,0.56,Sci-Fi;Thriller
USR-00754,151.18,105.1,5.0,0.602,Sci-Fi;Thriller
USR-00626,51.59,18.9,13.0,0.345,Animation;Comedy
USR-00952,117.11,83.9,5.9,0.08,Action
USR-00869,45.41,107.6,2.9,0.98,Mystery;Romance
USR-00129,8.43,8.8,1.2,0.843,Comedy;Crime
USR-01672,80.75,140.2,1.7,0.66,Drama
USR-00843,52.79,106.6,2.2,0.954,Drama;Romance
USR-00323,28.02,15.3,14.9,0.489,Comedy;Animation
USR-01324,108.24,91.9,2.8,0.904,Romance;Drama
USR-01420,14.65,9.4,11.4,0.282,Animation;Family
USR-01781,54.39,181.8,2.1,0.844,Drama;Mystery
USR-01878,65.9,16.5,13.9,0.21,Animation
USR-00873,30.87,12.1,8.9,0.577,Animation;Comedy
USR-01601,27.51,12.9,16.6,0.061,Comedy;Family
USR-00695,21.01,7.4,1.7,0.688,Action;Animation
USR-00215,153.46,108.2,3.9,0.34,Sci-Fi;Crime
USR-01376,,14.9,18.3,0.709,Family;Animation;Comedy
USR-01270,6.18,40.6,2.5,0.455,Documentary
USR-00158,135.59,69.1,2.4,0.502,Sci-Fi
USR-01339,116.18,70.8,3.9,0.303,Crime
USR-01420,14.65,9.4,11.4,0.282,Animation;Family
USR-00841,7.21,16.5,1.2,0.203,Adventure
USR-00634,152.39,117.5,5.3,0.612,Sci-Fi;Thriller
USR-00516,58.46,4.6,6.7,0.354,Comedy;Animation;Family
USR-01689,68.08,37.6,8.9,0.24,Romance;Drama;Musical;Adventure;Crime
USR-01531,17.64,16.9,2.2,0.117,Documentary
USR-00597,98.04,104.2,3.5,0.282,Crime;Sci-Fi
USR-00195,62.0,24.0,7.6,0.046,Animation
USR-01654,162.61,81.7,3.6,0.63,Thriller
USR-01646,113.17,88.3,3.2,0.399,Crime
USR-00410,32.32,14.1,17.5,0.132,Comedy;Family;Animation
USR-00096,6.56,12.2,1.4,0.806,Romance;Thriller
USR-01009,35.59,16.0,10.9,0.684,Family
USR-01937,74.5,41.6,8.8,0.221,Animation;Musical;Action;Family
USR-00156,54.63,12.7,1.7,0.131,Comedy;Animation
USR-00419,134.27,55.8,5.9,0.929,Musical;Sci-Fi;Thriller;Animation;Horror
USR-01816,18.31,20.8,11.4,0.422,Animation;Family
USR-00477,5.0,32.6,1.9,0.341,Adventure
USR-01869,95.94,76.1,5.4,0.899,Mystery;Musical;Romance;Animation
USR-00668,127.26,73.0,6.3,0.529,Thriller;Sci-Fi
USR-01813,82.55,74.6,8.5,0.376,Sci-Fi
USR-01910,50.88,,,0.096,Animation;Comedy;Family
USR-01729,41.97,36.5,1.9,0.946,Fantasy;Action
USR-00447,126.82,47.1,7.9,0.478,Action;Animation;Drama;Thriller
USR-00553,12.05,17.3,2.1,0.883,Drama
USR-00178,79.65,92.2,2.1,0.884,Drama;Romance
USR-00390,59.7,116.6,2.5,0.453,Mystery
USR-00578,48.06,12.0,11.9,0.177,Comedy;Family
USR-01864,62.66,108.8,2.3,0.778,Romance;Drama
USR-01719,107.78,86.2,4.9,0.801,Thriller;Action
USR-01370,58.44,132.1,1.2,0.942,Romance;Mystery
USR-01655,55.51,115.7,2.7,0.906,Drama;Mystery
USR-00906,113.32,9.1,6.7,0.642,Sci-Fi;Comedy;Thriller;Crime
USR-00820,109.53,7.0,8.9,0.316,Animation;Adventure;Family;Mystery;Musical
USR-01838,80.65,136.1,3.7,0.767,Mystery
USR-00993,0.95,27.2,1.8,0.194,Horror;Comedy
USR-01055,37.11,15.8,17.5,0.351,Animation;Family;Comedy
USR-00664,94.07,112.7,4.5,0.446,
USR-00142,23.85,16.1,13.9,0.362,Animation;Comedy
USR-01635,117.01,121.5,4.8,0.536,Sci-Fi
USR-01732,18.34,22.7,1.6,0.743,Drama;Sci-Fi
USR-00864,45.44,12.4,11.5,0.162,Animation
USR-00421,,52.3,10.5,0.851,Musical;Romance;Thriller;Fantasy
USR-00636,9.5,28.3,1.9,0.625,Action
USR-01483,88.54,62.3,5.6,0.89,Crime;Sci-Fi
USR-00799,93.67,134.0,1.7,0.653,Romance
USR-01073,81.74,100.7,2.3,0.484,Thriller
USR-00615,86.73,159.9,1.9,0.891,Drama;Mystery
USR-00294,115.87,76.9,3.8,0.603,Sci-Fi
USR-00931,100.36,26.0,6.5,0.652,Thriller;Animation;Fantasy;Crime
USR-00937,49.15,159.7,2.0,0.837,Drama
USR-01917,13.47,26.8,1.8,0.569,Drama;Documentary
USR-00088,91.19,135.4,2.0,0.909,Drama
USR-00041,36.38,10.1,7.9,0.126,Family;Comedy;Animation
USR-01815,76.36,128.0,1.6,0.94,Mystery
USR-01948,22.93,22.8,7.6,0.249,Family;Comedy;Animation
USR-00131,177.37,107.3,5.4,0.502,Sci-Fi
USR-01010,,108.4,6.7,0.427,Action
USR-00998,50.1,113.2,1.3,0.612,Mystery
USR-01511,85.2,42.8,5.4,0.617,Fantasy;Horror;Animation;Sci-Fi;Drama
USR-01868,99.24,99.1,5.5,0.659,Action
USR-01353,91.44,24.2,7.2,0.687,Crime;Sci-Fi;Documentary;Fantasy;Thriller
USR-01509,92.37,52.3,7.4,0.305,Fantasy;Horror;Animation;Family;Crime
USR-00164,132.99,97.8,7.3,0.494,Crime
USR-00724,1.76,18.4,1.7,0.87,Thriller;Animation
USR-00290,87.37,92.5,5.1,0.857,Crime
USR-01828,109.98,50.5,7.0,0.638,Adventure;Crime;Mystery;Animation;Musical
USR-01546,92.13,27.5,10.8,0.791,Sci-Fi;Drama;Thriller;Animation;Comedy;Family
USR-01911,51.25,-13.2,1.2,0.897,Drama;Romance
USR-01027,119.37,16.8,6.3,0.173,Fantasy;Thriller;Mystery;Documentary;Crime;Horror
USR-01791,82.56,42.6,,0.375,Romance;Action;Mystery;Musical
USR-00778,104.12,60.9,3.2,0.763,Romance;Comedy;Animation;Drama;Action;Adventure
USR-00839,14.24,24.9,2.0,0.502,Thriller
USR-00348,35.12,10.3,10.0,0.387,Family;Animation;Comedy
USR-01959,106.27,55.5,8.8,0.409,Musical;Sci-Fi;Action;Mystery
USR-00571,76.18,84.2,7.8,0.746,Action;Mystery;Crime;Horror
USR-00917,52.1,128.6,1.5,0.88,Romance;Drama
USR-00985,40.36,13.6,14.5,0.489,Comedy;Animation;Family
USR-01901,97.69,127.4,3.7,0.54,Crime
USR-01776,29.58,41.4,1.8,0.776,Thriller;Documentary
USR-01602,166.46,102.9,4.1,0.724,Thriller;Sci-Fi
USR-01326,142.77,87.6,1.7,0.75,Thriller;Action
USR-01858,141.95,37.0,7.9,0.423,Horror;Documentary;Musical;Adventure;Comedy
USR-00136,9.55,10.1,2.1,0.484,Adventure;Sci-Fi
USR-00458,66.88,106.6,4.1,0.6,Crime
USR-00375,44.66,11.4,14.0,0.043,Family;Comedy
USR-01351,1.48,62.2,1.1,0.525,Romance
USR-00333,113.26,76.9,4.9,0.256,Sci-Fi;Crime
USR-01315,17.63,23.8,1.7,0.542,Thriller
USR-01343,82.84,49.6,6.8,0.602,Comedy;Sci-Fi;Crime;Thriller;Drama
USR-01773,71.1,117.5,1.2,0.953,Romance
USR-01468,85.52,105.7,2.0,0.684,Drama;Mystery
USR-00816,21.75,34.0,1.7,0.823,Sci-Fi
USR-01435,64.66,92.1,4.3,0.655,Action
USR-01671,,111.4,1.0,0.599,Romance;Mystery
USR-01870,121.45,,7.6,0.389,Mystery;Musical;Sci-Fi;Drama;Romance;Crime
USR-00984,73.1,48.1,6.4,0.627,Action;Crime;Animation;Mystery;Thriller
USR-01926,13.83,38.9,1.8,0.449,Fantasy;Action
USR-00910,10.11,14.8,1.7,0.245,Mystery
USR-01944,102.5,43.5,6.7,0.074,Fantasy;Drama;Mystery;Romance
USR-01133,143.44,106.7,6.4,0.427,Crime;Action
USR-00328,54.74,8.0,13.8,0.112,Comedy
USR-01921,148.01,76.8,6.6,0.286,Sci-Fi
USR-00318,121.52,119.8,3.8,0.263,Action;Crime
USR-01540,53.42,48.7,6.7,0.882,Family;Musical;Thriller;Sci-Fi;Documentary;Fantasy
USR-01368,111.64,107.9,5.2,0.719,Thriller;Action
USR-01745,36.3,13.5,14.1,0.323,Family;Animation
USR-00167,98.63,113.3,,0.125,Action
USR-00012,75.87,38.8,5.7,0.045,Horror;Documentary;Romance;Sci-Fi
USR-01941,28.48,23.2,12.4,0.128,Animation
USR-00171,112.28,100.6,5.5,0.715,Sci-Fi;Crime
USR-00649,51.92,18.1,9.5,0.136,Animation
USR-01068,49.91,16.2,11.1,0.251,Family
USR-00260,45.59,35.5,1.9,0.662,Animation
USR-01221,88.22,100.2,6.8,0.459,Crime
USR-01419,85.77,121.2,1.1,0.939,Mystery
USR-00901,142.47,100.1,5.0,0.293,Action;Crime
USR-00672,106.6,66.7,4.6,0.856,Sci-Fi;Action
USR-00258,0.33,25.0,1.3,0.866,Horror;Sci-Fi
USR-00844,176.81,64.9,4.4,0.665,Thriller
USR-00867,78.92,125.3,3.8,0.452,Crime
USR-01202,167.11,73.2,4.8,0.537,Sci-Fi
USR-00138,57.28,24.1,7.2,0.154,Comedy;Family;Animation
USR-00893,23.55,18.8,15.4,0.269,Animation
USR-01851,137.88,41.8,8.6,0.149,Adventure;Action;Comedy;Animation;Musical
USR-00549,124.16,33.9,8.4,0.738,Horror;Fantasy;Adventure;Thriller;Documentary
USR-00319,30.19,14.0,9.4,0.241,Comedy;Family
USR-01537,11.31,36.6,0.7,0.65,Crime
USR-01244,75.33,79.8,6.8,0.817,Romance;Crime;Mystery;Fantasy
USR-01185,73.17,,2.5,0.662,Drama
USR-00558,87.11,64.0,9.4,0.44,Fantasy;Crime;Mystery;Animation;Thriller;Sci-Fi
USR-00139,73.77,70.4,1.5,0.804,Romance;Drama
USR-01747,62.66,13.5,9.9,,Comedy;Animation;Family
USR-00531,48.87,122.9,1.7,0.72,Romance;Mystery
USR-00224,37.73,16.1,7.8,0.47,Comedy
USR-00723,121.63,73.0,5.5,0.622,Crime;Drama;Action;Animation;Thriller
USR-00786,12.53,24.2,2.0,0.892,Adventure;Mystery
USR-01730,-5.43,17.9,8.4,0.41,Animation
USR-01682,13.26,27.9,1.3,0.759,Action
USR-00409,118.64,65.3,7.1,0.566,Crime;Action
USR-00325,105.09,27.4,3.5,0.233,Action;Fantasy;Adventure;Crime;Documentary
USR-01106,25.6,16.3,13.9,0.177,Family;Animation
USR-00299,121.24,80.5,5.2,0.422,Crime;Thriller
USR-01271,28.11,62.5,1.9,0.614,Mystery;Drama
USR-01525,55.53,19.8,12.1,0.447,Animation;Comedy;Family
USR-00025,35.94,34.4,4.0,0.425,Thriller;Animation;Drama;Mystery
USR-01872,1.05,52.6,,0.107,Musical;Fantasy
USR-00714,58.77,21.9,17.6,0.053,Family
USR-01018,44.88,94.6,1.5,0.847,Romance;Mystery
USR-00193,2.59,24.5,1.2,0.305,Adventure
USR-00440,152.92,83.2,5.8,0.573,Crime;Thriller
USR-00573,9.3,45.0,1.8,,Mystery
USR-00946,109.1,80.7,4.4,0.657,Sci-Fi;Action
USR-00997,149.49,112.8,5.4,0.831,Sci-Fi;Action
USR-00503,-3.92,59.1,9.4,0.709,Comedy;Musical;Sci-Fi;Crime
USR-00605,42.93,20.9,3.4,0.248,Family;Animation;Comedy
USR-01887,136.31,60.8,3.5,0.515,Sci-Fi;Action
USR-01898,44.13,8.5,10.8,0.258,Comedy;Family;Animation
USR-01800,83.87,90.4,1.6,0.814,Mystery
USR-00846,130.26,96.5,3.8,,Sci-Fi
USR-00003,29.51,54.1,1.4,0.735,Action
USR-01157,55.5,133.7,2.1,0.693,Drama;Romance
USR-01230,84.33,132.8,1.9,0.541,Drama;Mystery
USR-00467,53.65,186.1,2.0,0.898,Mystery;Drama
USR-00321,55.87,,1.9,,Mystery;Documentary;Crime;Family;Action;Romance
USR-00005,105.52,70.9,5.2,,Crime;Action
USR-01384,16.93,22.7,0.8,0.7,Fantasy;Musical
USR-00547,12.91,14.4,2.0,0.735,Action
USR-00228,52.53,107.0,2.2,0.728,Romance;Drama
USR-00542,73.4,103.3,,0.234,Thriller;Sci-Fi
USR-00242,63.47,65.2,2.1,0.868,Romance;Drama
USR-00898,112.89,96.6,6.2,0.649,Sci-Fi
USR-01476,74.94,65.7,7.1,0.736,Fantasy;Comedy;Musical;Mystery;Romance;Family
USR-01554,145.86,87.8,9.6,0.177,Action
USR-01304,99.9,32.0,5.1,0.372,Fantasy;Mystery;Action;Adventure;Animation;Thriller
USR-00842,85.95,65.7,,0.87,Sci-Fi;Thriller
USR-01428,41.57,18.1,1.0,0.08,Documentary;Musical
USR-01875,18.71,31.4,0.6,0.159,Fantasy
USR-01984,120.46,116.0,3.4,0.583,Thriller;Action
USR-00661,48.08,63.3,2.6,0.636,Mystery
USR-01632,3.56,29.0,2.2,0.567,Adventure;Action
USR-00314,95.39,34.0,6.4,0.415,Horror;Fantasy;Animation;Sci-Fi;Adventure;Drama
USR-00691,65.46,19.6,15.7,0.328,Animation;Comedy
USR-01514,141.51,118.9,7.4,0.731,Action
USR-00424,90.84,106.8,5.3,0.469,Sci-Fi;Crime
USR-00594,75.09,100.8,2.2,0.593,Mystery
USR-01978,73.74,137.6,2.2,0.753,Mystery
USR-00622,49.56,17.6,13.2,0.231,Comedy;Family
USR-01178,91.9,76.9,8.5,0.396,Adventure;Drama;Romance;Documentary;Sci-Fi
USR-01050,65.91,117.3,2.4,0.953,Drama;Mystery
USR-00227,37.83,13.3,7.5,0.265,Animation;Family
USR-01125,6.29,37.9,0.6,0.715,Action;Documentary
USR-01340,49.55,13.2,10.9,0.291,Comedy;Family;Animation
USR-01105,141.69,110.2,3.3,0.539,Crime;Action
USR-00066,121.81,63.5,4.1,0.484,Sci-Fi;Crime
USR-00024,37.6,18.4,12.6,0.151,Comedy
USR-00144,51.26,18.5,9.4,0.209,Animation;Comedy
USR-00536,97.83,53.9,9.8,0.517,Adventure;Comedy;Drama;Romance;Animation
USR-00811,105.5,43.2,5.6,0.287,Crime;Fantasy;Comedy;Sci-Fi
USR-01557,38.01,15.4,4.4,0.281,Comedy;Animation;Family
USR-00085,57.85,20.1,7.3,0.305,Animation;Family
USR-01317,68.65,44.2,4.9,0.56,Sci-Fi;Horror;Animation;Romance;Drama;Crime
USR-01189,117.26,19.4,9.5,0.953,Mystery;Animation;Documentary;Horror;Adventure;Crime
USR-01818,7.42,31.2,2.2,0.474,Horror
USR-01831,2.55,20.9,1.5,0.574,Action
USR-01778,9.17,20.3,9.1,0.015,Family
USR-01879,13.25,35.5,2.0,0.683,Horror;Musical
USR-00362,54.52,20.2,8.5,0.424,Comedy;Animation
USR-01622,23.87,35.7,2.1,0.482,Mystery;Adventure
USR-01160,104.78,65.1,7.8,0.493,Drama;Fantasy;Musical;Adventure;Romance
USR-01026,63.01,107.8,1.5,0.941,Mystery;Drama
USR-01030,170.14,95.0,6.0,0.474,Sci-Fi
USR-01225,18.95,42.9,1.1,0.72,Animation
USR-01364,74.99,47.1,8.9,0.126,Drama;Musical;Sci-Fi;Comedy
USR-01094,110.68,86.6,2.6,0.515,Crime
USR-00665,123.34,77.3,2.1,0.237,Sci-Fi;Crime
USR-00364,12.09,117.4,1.8,0.742,Mystery;Romance
USR-00077,103.96,93.9,7.0,0.716,Sci-Fi;Action
USR-00027,1.25,26.9,1.8,0.745,Romance;Mystery
USR-01446,6.79,39.2,1.5,0.06,Romance
USR-00525,44.02,6.6,10.3,0.369,Comedy;Animation
USR-01848,100.59,126.5,2.5,0.823,Romance;Mystery
USR-00055,539.52,143.5,2.0,0.543,Romance;Drama
USR-00638,1.63,20.2,11.5,0.207,Family;Comedy
USR-00302,40.68,26.8,1.5,0.239,Thriller;Documentary
USR-00718,157.69,113.8,3.8,0.424,Thriller
USR-00624,45.92,34.8,0.8,0.859,Horror
USR-00007,72.27,76.9,2.5,0.616,Drama;Mystery
USR-00803,2.27,16.8,1.7,0.497,Romance
USR-01049,208.36,85.0,4.4,0.38,Action;Crime
USR-00336,60.52,125.7,1.2,0.515,Romance
USR-00047,9.33,22.3,1.0,0.764,Adventure;Comedy
USR-01490,71.69,112.2,4.8,0.39,Action;Crime
USR-00106,28.77,6.5,9.6,0.445,Comedy;Animation
USR-00349,28.92,29.9,1.3,0.446,Sci-Fi;Documentary
USR-01079,85.31,61.9,1.8,0.939,Romance;Mystery
USR-00238,0.63,31.4,1.2,0.57,Comedy;Fantasy
USR-00213,107.74,92.6,4.7,0.248,Crime;Action
USR-01261,114.27,25.9,7.3,0.417,Family;Documentary;Drama;Action
USR-01146,93.55,63.9,8.8,0.525,Drama;Action;Musical;Thriller;Adventure
USR-00793,8.29,15.9,,0.683,Fantasy
USR-01096,162.67,129.0,5.3,0.467,Action;Thriller
USR-00944,136.53,75.4,6.6,0.499,Sci-Fi
USR-01593,137.25,106.2,7.0,0.729,Crime
USR-01684,134.93,111.2,6.4,0.777,Crime
USR-00523,99.18,38.8,7.9,0.978,Crime;Adventure;Action;Sci-Fi
USR-00232,5.96,31.7,1.7,0.511,Documentary
USR-00644,131.98,60.9,2.8,0.582,Sci-Fi;Thriller
USR-01518,91.5,76.6,3.2,,Thriller
USR-00533,3.62,29.9,1.6,0.146,Sci-Fi;Action
USR-01519,90.33,131.1,2.6,0.977,Mystery
USR-00603,124.8,120.4,5.2,0.464,Sci-Fi;Action
USR-01442,35.39,44.1,0.6,0.339,Musical
USR-01074,75.57,144.8,1.9,0.314,Romance
USR-01313,117.54,33.8,4.4,0.244,Family;Romance;Drama;Comedy
USR-00060,40.77,18.8,16.3,0.168,Comedy;Family;Animation
USR-01272,33.58,54.6,7.3,0.601,Family;Fantasy;Musical;Crime
USR-00092,77.67,66.7,,0.544,
USR-00666,179.22,97.5,4.7,0.576,Crime
USR-00280,65.18,128.6,2.3,0.806,Mystery
USR-01121,38.06,160.8,3.1,0.879,Mystery
USR-00359,3.86,46.0,1.9,0.724,Crime;Romance
USR-01753,127.6,95.1,5.8,0.491,Thriller;Action
USR-01177,101.86,48.3,4.6,0.468,Crime;Sci-Fi
USR-00847,44.93,126.5,2.0,0.823,Drama;Mystery
USR-01387,95.07,117.1,8.1,0.66,Thriller;Sci-Fi
USR-00110,68.45,11.4,12.7,0.091,Family
USR-00042,116.29,82.9,4.1,0.501,Thriller
USR-00125,52.96,12.1,9.5,0.217,Comedy
USR-00204,1.73,30.6,1.1,0.291,Fantasy
USR-00052,82.44,85.8,2.5,0.696,Drama;Romance
USR-00545,23.67,17.9,16.0,0.05,Comedy;Family;Animation
USR-00068,134.61,103.2,5.7,,Sci-Fi
USR-01144,21.32,11.7,14.1,0.305,Animation;Family
USR-01558,69.66,41.2,9.1,0.495,Fantasy;Musical;Action;Mystery;Documentary;Drama
USR-00183,66.45,79.3,2.2,0.86,Mystery;Romance
USR-00137,94.17,62.0,4.8,0.449,Family;Animation;Comedy;Horror
USR-00899,57.47,65.2,4.4,0.424,Crime
USR-00796,68.64,77.8,2.0,0.875,Romance;Mystery
USR-00132,88.28,75.9,3.2,0.544,Action
USR-00080,56.3,,1.6,0.946,Drama
USR-01493,134.65,67.2,7.6,0.369,Crime
USR-01551,54.93,33.3,1.3,0.19,Comedy;Fantasy
USR-00541,0.4,15.7,1.7,0.827,Drama
USR-01606,115.98,97.3,3.8,0.3,Action;Sci-Fi
USR-00983,119.02,40.8,4.2,0.487,Sci-Fi
USR-00165,134.73,50.8,9.6,0.946,Comedy;Thriller;Action;Horror;Animation
USR-00248,62.77,74.6,1.6,0.88,Romance;Drama
USR-00446,86.16,116.6,2.1,0.746,Romance
USR-01333,76.43,104.1,1.5,0.712,Mystery;Drama
USR-00858,47.92,17.2,2.0,0.511,Mystery;Romance
USR-01394,51.37,9.8,14.2,0.166,Animation
USR-00097,49.0,22.4,10.4,0.266,Family
USR-01988,47.12,21.2,12.5,0.194,Family
USR-00737,133.81,33.2,8.7,0.83,Adventure;Comedy;Family;Documentary
USR-01823,117.84,50.2,5.4,0.582,Adventure;Thriller;Family;Action;Romance
USR-00102,33.14,21.0,10.5,0.036,Comedy;Family;Animation
USR-00434,126.89,58.4,6.2,0.414,Thriller
USR-00074,,32.9,5.3,0.492,Thriller;Fantasy;Mystery;Comedy
USR-01805,87.76,54.1,11.3,0.596,Drama;Thriller;Crime;Mystery;Documentary
USR-01338,127.69,129.6,4.7,0.539,Sci-Fi
USR-00918,125.67,43.1,6.5,0.427,Fantasy;Horror;Documentary;Action;Crime;Mystery
USR-00807,99.59,2.3,2.1,0.756,Mystery;Romance
USR-01683,90.28,42.7,6.5,0.776,Horror;Animation;Documentary;Mystery
USR-01765,62.41,15.6,10.2,0.178,Family;Comedy
USR-00762,138.3,,1.2,0.505,Sci-Fi
USR-00989,79.26,49.6,9.3,0.959,Crime;Documentary;Thriller;Drama;Comedy
USR-00388,111.56,42.3,6.8,0.819,Sci-Fi;Romance;Crime;Thriller;Adventure;Musical
USR-00235,121.32,50.2,7.2,,Horror;Action;Adventure;Sci-Fi
USR-01517,93.75,109.8,2.1,0.882,Romance
USR-00267,142.33,22.3,9.3,0.617,Animation;Action;Drama;Crime;Documentary
USR-01802,24.12,,16.0,,Animation;Family;Comedy
USR-00117,145.03,122.9,5.7,0.34,Action
USR-01617,23.07,47.0,1.1,0.555,Crime;Musical
USR-00673,-2.34,22.9,1.8,0.123,Adventure;Drama
USR-00249,57.44,33.2,3.0,0.653,Romance
USR-01463,1.41,12.8,,0.838,Horror;Animation
USR-01121,38.06,160.8,3.1,0.879,Mystery
USR-00094,104.24,47.6,13.0,0.628,Crime;Thriller;Musical;Action;Documentary;Drama
USR-00033,69.19,-11.7,2.0,0.87,Romance;Mystery
USR-01474,15.48,11.0,13.5,0.099,Animation
USR-01680,9.86,13.5,14.1,0.523,Family
USR-00448,38.56,4.3,11.6,0.264,Comedy;Family;Animation
USR-00716,65.33,27.2,8.3,0.673,Adventure;Fantasy;Comedy;Drama;Animation
USR-01273,147.46,129.0,6.3,0.599,Action;Thriller
USR-01958,13.8,38.5,1.4,0.491,Family
USR-00000,26.83,10.9,11.3,0.351,Animation
USR-01385,39.08,14.3,17.0,0.107,Family;Animation;Comedy
USR-01101,57.4,155.8,1.9,0.838,Romance
USR-01108,60.2,19.0,1.3,0.243,Mystery
USR-01234,15.96,31.5,0.8,0.956,Animation;Comedy
USR-00082,,16.9,12.1,0.082,Family
USR-01950,123.88,95.7,7.1,0.721,Thriller
USR-00676,90.15,122.6,5.6,0.623,Sci-Fi
USR-01461,28.47,18.3,0.9,0.75,Family;Romance
USR-01046,125.38,99.7,5.7,0.788,Thriller
USR-00770,108.83,125.4,1.3,0.24,Crime;Sci-Fi
USR-01223,51.51,128.2,2.2,0.595,Drama
USR-01289,128.35,93.1,3.4,0.764,Crime
USR-01591,46.74,141.7,1.6,0.915,Drama
USR-01971,85.69,63.4,5.3,0.758,Thriller;Crime;Documentary;Sci-Fi;Drama
USR-00404,40.65,10.1,10.9,0.117,Comedy;Family
USR-01740,90.58,75.3,9.3,0.806,Musical;Romance;Documentary;Drama;Family
USR-01307,,43.1,10.9,0.541,Adventure;Thriller;Animation;Mystery;Romance;Sci-Fi
USR-01710,135.62,89.2,3.5,,Sci-Fi
USR-00104,71.68,162.3,2.2,0.86,Mystery;Drama
USR-00688,125.07,,4.4,0.607,Musical;Comedy;Thriller;Adventure
USR-01314,52.15,15.1,13.6,0.134,Family;Animation;Comedy
USR-00826,36.75,12.9,14.0,,Family
USR-00062,91.56,28.7,6.7,0.403,Horror;Family;Animation;Action
USR-00852,108.34,103.4,7.6,0.753,Thriller;Crime
USR-01362,20.51,29.1,0.9,0.216,Comedy;Animation
USR-00223,61.15,,11.0,0.428,Animation;Family;Comedy
USR-00145,126.77,40.2,4.0,0.718,Sci-Fi;Crime
USR-01088,53.21,122.3,2.2,0.842,Romance
USR-00373,20.18,26.7,0.6,0.591,Action;Documentary
USR-01817,98.74,52.5,6.8,0.885,Romance;Musical;Crime;Family;Adventure;Action
USR-01142,7.54,31.9,1.8,0.472,Animation
USR-01840,37.91,18.2,18.4,0.466,Family;Comedy;Animation
USR-01505,46.84,12.2,9.1,0.126,Comedy;Animation
USR-01612,6.24,28.5,2.0,0.355,Fantasy
USR-01573,33.73,158.1,1.6,0.841,Romance;Drama
USR-00009,122.44,50.1,5.9,0.284,Sci-Fi;Musical;Mystery;Thriller;Fantasy
USR-00449,106.93,82.7,5.6,0.501,Sci-Fi;Thriller
USR-00708,26.52,14.6,11.7,0.544,Comedy
USR-00255,11.52,25.5,2.4,0.395,Musical
USR-00882,66.32,99.6,4.2,0.226,Thriller
USR-00389,117.67,42.9,8.2,0.154,Fantasy;Sci-Fi;Drama;Thriller;Mystery
USR-00908,17.9,13.7,10.5,0.234,Comedy
USR-00924,0.1,8.7,9.8,0.285,Comedy;Animation
USR-01716,124.5,103.5,1.8,0.669,Thriller
USR-01240,108.02,67.4,2.9,0.925,Romance;Mystery
USR-00460,88.07,110.6,2.8,0.671,Thriller;Sci-Fi
USR-01278,103.29,77.2,4.4,0.713,Sci-Fi;Thriller
USR-01713,15.28,13.4,14.2,0.431,Family;Animation
USR-01168,122.43,91.8,4.3,0.445,Thriller;Sci-Fi
USR-00958,123.11,92.6,4.7,0.563,Thriller
USR-00501,20.63,26.1,1.5,0.239,Drama
USR-00739,43.68,22.5,10.6,0.485,Animation
USR-01863,18.77,29.0,1.2,0.815,Crime
USR-00868,70.88,114.8,1.9,0.834,Romance
USR-00731,102.86,40.8,9.1,0.314,Adventure;Documentary;Fantasy;Drama;Horror;Thriller
USR-00539,72.86,71.4,1.6,0.402,Thriller;Sci-Fi
USR-01201,158.43,72.3,4.9,0.195,Thriller;Sci-Fi
USR-00697,6.71,38.7,1.0,0.67,Documentary;Thriller
USR-01402,,72.4,4.5,,Thriller
USR-01386,36.35,23.9,5.8,0.662,Horror;Fantasy;Sci-Fi;Action;Musical;Animation
USR-01145,98.14,138.1,2.1,0.97,Mystery
USR-01031,3.7,38.7,0.8,0.137,Romance
USR-00372,118.61,92.3,5.1,0.382,Thriller
USR-00667,164.03,106.6,6.2,0.117,Sci-Fi
USR-01536,104.88,101.9,5.8,0.321,Sci-Fi;Action
USR-00357,1.61,26.1,1.1,0.316,Romance
USR-00967,43.46,13.9,4.7,0.445,
USR-00783,48.92,15.4,13.1,0.483,Animation;Comedy
USR-00735,36.21,155.1,1.9,0.679,Drama;Mystery
USR-01035,14.6,35.2,1.5,0.473,Romance
USR-00970,18.86,43.8,1.2,0.107,Thriller;Crime
USR-01599,46.27,160.7,1.0,0.836,Romance;Drama
USR-01497,32.48,9.9,9.9,0.117,Comedy
USR-01702,,16.7,9.2,0.584,Comedy;Family
USR-01359,11.94,25.9,2.4,0.533,Thriller;Crime
USR-01501,48.51,6.7,12.0,,Family;Animation;Comedy
USR-01653,39.37,8.9,14.8,0.201,Comedy
USR-01252,82.95,72.0,6.2,0.34,Action;Crime
USR-01706,4.78,43.4,1.2,0.684,Mystery
USR-01728,76.66,53.7,11.0,0.295,Action;Crime;Fantasy;Comedy;Animation;Sci-Fi
USR-01236,57.06,86.1,3.2,0.837,Drama
USR-00885,125.28,53.0,4.2,0.251,Thriller;Action
USR-00079,138.51,91.4,4.0,0.519,Crime
USR-01172,6.53,30.0,1.4,0.975,Romance;Horror
USR-00814,86.04,135.1,3.0,0.957,Mystery
USR-01908,50.63,18.8,15.2,0.056,Family;Comedy;Animation
USR-00671,88.16,78.9,1.9,0.884,Drama;Mystery
USR-01542,6.75,29.5,1.9,0.326,Documentary;Comedy
USR-00057,123.06,121.0,3.1,0.165,Sci-Fi
USR-00133,44.97,17.7,9.1,0.092,Comedy;Family
USR-01140,91.47,44.1,6.5,0.781,Action;Romance;Drama;Documentary;Horror;Adventure
USR-00933,13.69,38.6,1.8,0.465,Action
USR-01697,129.48,121.3,6.0,0.603,Crime;Sci-Fi
USR-00823,29.16,2.7,11.3,0.38,Comedy;Family
USR-01214,19.25,34.3,1.3,0.482,Family
USR-00504,34.33,20.3,0.9,0.267,Thriller
USR-01788,121.2,51.0,2.8,0.228,Sci-Fi;Crime
USR-00347,122.34,102.9,5.0,0.646,Sci-Fi;Action
USR-00386,52.63,24.1,10.8,0.144,Family
USR-01024,,77.7,1.8,0.933,Mystery
USR-00894,23.04,13.3,1.0,0.645,Documentary;Romance
USR-00828,80.71,18.4,5.0,0.336,Animation;Mystery;Thriller;Fantasy;Action;Musical
USR-01907,69.6,14.3,9.4,0.027,Family;Comedy
USR-00475,64.87,79.8,1.8,0.789,Mystery;Romance
USR-01481,146.88,129.7,3.8,0.286,Action;Sci-Fi
USR-01457,3.02,,1.5,0.783,Documentary
USR-01406,64.91,51.2,10.0,0.428,Fantasy;Family;Sci-Fi;Romance
USR-00652,7.72,42.7,1.4,0.949,Action;Family
USR-00172,8.78,40.5,1.7,0.486,Thriller;Action
USR-01149,122.51,114.9,2.6,0.695,Drama
USR-00038,0.53,26.1,1.0,0.939,Mystery
USR-00713,40.7,16.7,13.4,0.564,Comedy;Animation;Family
USR-00090,114.45,77.6,,0.723,Sci-Fi
USR-01951,102.11,74.8,2.3,0.399,Thriller;Crime
USR-01205,94.13,35.7,4.8,0.875,Horror;Animation;Mystery;Action
USR-00875,163.32,75.7,5.1,0.756,Crime
USR-01360,47.41,104.2,2.1,0.786,Romance
USR-01904,105.26,47.4,1.4,0.836,Musical;Thriller;Romance;Action
USR-01093,8.55,29.4,1.4,0.484,Romance;Adventure
USR-01155,102.15,52.0,7.4,0.662,Documentary;Thriller;Crime;Animation;Comedy;Mystery
USR-01502,114.83,97.7,3.5,0.315,Thriller;Crime
USR-01973,7.0,43.4,1.2,0.416,Romance
USR-00499,77.31,118.8,1.7,0.422,Drama
USR-00338,72.78,11.6,16.9,0.418,Animation;Family;Comedy
USR-01188,22.87,16.9,9.6,0.123,Comedy
USR-00028,1.03,44.1,0.9,0.911,Comedy
USR-01217,18.19,17.3,1.1,0.732,Comedy;Adventure
USR-01334,82.5,140.3,2.0,0.564,Romance;Mystery
USR-01834,119.26,21.0,5.2,0.499,Fantasy;Drama;Action;Musical;Comedy
USR-00945,139.93,96.1,5.6,0.622,Thriller;Action
USR-00169,28.57,43.6,1.5,0.595,Family
USR-01414,34.73,35.9,,0.179,Action
USR-01197,107.8,124.3,1.4,0.877,Romance;Mystery
USR-01253,111.72,76.4,8.6,0.655,Thriller;Crime
USR-01786,3.71,18.8,1.2,0.649,Adventure
USR-00912,9.37,21.9,1.9,0.277,Animation
USR-00491,13.94,42.6,0.7,0.199,Thriller
USR-00953,69.04,79.0,2.2,0.74,Drama;Mystery
USR-01097,175.95,100.8,7.7,0.606,Thriller;Crime
USR-01032,142.78,74.2,7.1,0.518,Crime
USR-00587,66.09,69.9,6.9,0.593,Crime;Action
USR-00750,139.52,101.2,5.1,0.808,Crime
USR-00657,26.22,11.9,5.7,0.354,Comedy;Animation;Family
USR-00234,121.48,105.4,4.1,0.266,Crime
USR-00732,15.9,28.5,1.5,0.784,Comedy;Animation
USR-01263,67.06,9.0,14.1,0.472,Comedy;Animation;Family
USR-01797,84.55,81.1,3.5,0.2,Crime
USR-01156,137.21,86.4,4.4,0.885,Thriller;Crime
USR-01480,112.45,59.1,5.9,0.231,Documentary;Action;Adventure;Fantasy;Romance
USR-01775,44.98,11.4,7.7,0.45,Family;Comedy
USR-00452,14.06,24.8,11.8,0.104,Animation;Family;Comedy
USR-00934,222.56,59.0,4.8,0.827,Crime;Sci-Fi
USR-01209,92.68,129.5,2.0,0.759,Romance;Mystery
USR-01065,80.75,10.9,7.2,0.791,Sci-Fi;Mystery;Horror;Musical;Action
USR-00108,146.95,64.3,5.9,0.471,Thriller;Crime
USR-01553,63.18,133.8,2.1,0.855,Romance
USR-00568,44.32,97.8,2.0,0.783,Drama;Mystery
USR-01167,1.33,35.5,2.4,0.932,Sci-Fi;Crime
USR-01174,5.2,24.7,1.9,0.74,Crime;Action
USR-00890,63.47,50.6,6.5,0.946,Adventure;Romance;Documentary;Animation;Action;Drama
USR-00947,85.81,61.4,1.3,0.963,Drama;Romance
USR-01048,72.39,155.7,2.1,0.593,Mystery;Romance
USR-01361,79.93,127.0,5.5,0.463,Crime
USR-01381,14.58,24.1,9.3,0.382,Family;Animation;Comedy
USR-01456,36.35,32.9,2.1,0.362,Crime
USR-00884,121.86,57.2,9.0,0.661,Comedy;Animation;Drama;Family
USR-01994,82.52,44.4,6.9,0.912,Crime;Documentary;Comedy;Action;Animation
USR-00850,176.42,103.9,5.1,0.467,Sci-Fi;Action
USR-00734,39.62,16.1,9.3,0.352,Animation;Comedy;Family
USR-00717,64.02,138.5,2.3,0.909,Romance;Drama
USR-00454,143.91,96.7,2.6,0.729,Action;Crime
USR-00264,64.06,109.9,2.0,0.696,Mystery
USR-00075,92.63,26.9,6.6,0.405,Adventure;Horror;Fantasy;Musical
USR-01669,97.51,74.4,9.0,0.496,Musical;Documentary;Horror;Family;Animation
USR-00444,92.92,46.1,8.5,0.247,Action;Animation;Horror;Mystery;Thriller;Fantasy
USR-00395,78.66,104.6,1.4,0.834,Drama;Mystery
USR-00176,6.22,20.2,0.9,0.793,Mystery;Documentary
USR-01042,77.87,16.9,5.9,0.233,Animation;Family
USR-01900,0.66,30.1,1.8,0.925,Fantasy
USR-01927,46.84,13.1,13.7,0.525,Comedy;Animation;Family
USR-01521,71.27,-12.9,2.1,0.806,Drama;Romance
USR-01938,34.11,16.2,13.1,0.3,Family
USR-00595,48.65,18.0,13.7,0.209,Family;Animation;Comedy
USR-00061,56.84,17.6,11.5,0.407,Animation;Family
USR-01296,124.96,98.4,5.8,0.209,Sci-Fi;Crime
USR-00872,28.45,40.5,1.5,0.437,Mystery
USR-01552,35.11,36.4,6.9,0.241,Fantasy;Family;Sci-Fi;Adventure;Documentary
USR-01893,185.03,78.8,5.5,0.43,Action
USR-00278,124.24,28.7,9.5,0.788,Crime;Action;Fantasy;Family
USR-00036,27.02,9.8,8.4,0.144,Family
USR-01526,28.76,18.5,3.4,0.156,Family;Animation
USR-00662,9.29,32.3,1.4,0.808,Fantasy
USR-01820,-4.59,102.7,,0.328,Thriller;Crime
USR-01454,133.33,43.2,3.5,0.207,Crime
USR-00977,140.9,97.0,3.2,0.6,Thriller;Action
USR-01582,2.2,18.5,1.6,0.908,Mystery;Animation
USR-00738,51.61,15.0,12.7,0.496,Family;Comedy
USR-00191,66.42,156.6,1.6,0.98,Mystery
USR-00919,108.77,121.1,2.6,0.763,Crime
USR-00456,167.39,65.8,8.2,0.245,Sci-Fi;Crime
USR-00675,69.92,142.7,1.8,0.691,Drama;Mystery
USR-00760,127.35,115.5,4.1,0.247,Crime
USR-01821,62.58,78.4,6.0,0.713,Action;Thriller
USR-01613,25.11,16.8,15.1,0.078,Family
USR-00728,79.82,107.9,5.4,0.303,Crime
USR-00412,126.67,144.4,2.6,0.829,Romance
USR-01098,69.62,28.3,8.5,0.118,Romance;Drama;Crime;Animation;Fantasy;Sci-Fi
USR-00825,74.55,161.3,2.4,0.898,Romance
USR-01507,7.09,28.4,1.7,0.516,Drama
USR-00616,139.23,89.5,2.4,0.736,Crime;Action
USR-00114,18.83,24.1,1.6,0.873,Drama
USR-00417,30.26,13.6,17.6,0.125,Family;Comedy;Animation
USR-01925,126.8,47.6,6.4,0.404,Crime
USR-00969,42.05,12.2,12.9,0.207,Family;Comedy
USR-00604,105.65,107.5,4.6,0.37,Action
USR-01933,14.26,35.0,1.6,0.305,Sci-Fi;Action
USR-00089,11.84,17.0,13.4,0.078,Comedy;Animation;Family
USR-00848,12.08,37.7,1.0,0.814,Animation
USR-01530,55.41,14.1,10.3,,Comedy;Animation;Family
USR-01932,12.07,20.3,1.7,0.42,Thriller
USR-00753,55.98,4.3,11.4,0.389,Animation;Comedy;Family
USR-00498,66.85,152.7,3.2,0.757,Mystery
USR-01276,112.03,74.5,4.9,0.254,Crime;Thriller
USR-01325,44.16,13.2,10.6,0.054,Comedy;Animation;Family
USR-00011,61.42,142.1,1.7,0.698,Mystery;Drama
USR-00396,76.84,96.4,2.1,0.747,Drama;Mystery
USR-00284,16.76,36.5,1.5,0.399,Fantasy
USR-01066,127.44,91.8,4.1,0.853,Action
USR-01191,17.17,36.3,1.9,0.259,Fantasy;Mystery
USR-01819,56.16,22.1,22.8,0.189,Comedy
USR-00690,65.72,20.7,10.6,0.255,Animation
USR-01642,10.52,30.7,1.6,0.683,Drama
USR-01890,151.01,90.9,4.8,0.432,Sci-Fi
USR-00689,153.96,104.4,1.3,0.435,Crime
USR-00851,107.28,17.1,7.5,0.598,Thriller;Romance;Comedy;Adventure
USR-00159,57.65,26.5,5.5,0.289,Comedy;Action;Family;Documentary
USR-00895,111.94,,4.1,0.618,Action
USR-01586,20.09,38.5,1.0,0.334,Sci-Fi;Musical
USR-00257,3.37,34.1,2.1,0.916,Horror;Mystery
USR-00335,133.84,78.9,5.0,0.591,Sci-Fi
USR-01894,5.91,32.9,1.3,0.585,Animation;Comedy
USR-01039,39.96,9.8,13.8,0.324,Comedy;Family
USR-00515,136.13,101.1,8.4,0.393,Thriller
USR-01348,70.7,115.7,2.5,0.547,Romance
USR-01015,109.09,158.8,1.7,0.923,Mystery;Romance
USR-00768,55.41,17.0,10.7,0.451,Comedy;Family;Animation
USR-01759,4.16,19.5,1.7,0.818,Animation;Musical
USR-00761,28.5,14.6,14.3,0.304,Family
USR-01246,132.63,86.8,3.9,0.734,Thriller
USR-01203,48.25,18.4,14.8,0.526,Family;Comedy;Animation
USR-01936,33.68,15.1,10.0,0.292,Comedy
USR-01998,173.68,94.5,7.1,0.196,Action;Crime
USR-00521,54.24,14.1,12.3,0.448,Animation
USR-00022,36.7,4.7,13.4,0.097,Animation;Family
USR-00356,89.22,91.2,5.2,0.235,Crime
USR-01277,54.39,107.5,1.6,0.768,Romance;Mystery
USR-01312,4.25,27.2,2.4,0.164,Sci-Fi
USR-01733,54.0,11.9,16.3,0.257,Animation;Family
USR-00340,45.12,13.6,8.4,0.079,Comedy
USR-00431,120.6,43.4,6.2,0.235,Thriller;Horror;Family;Sci-Fi;Animation
USR-00473,53.58,107.2,1.9,0.762,Drama;Mystery
USR-00217,87.23,13.9,6.8,0.536,Mystery;Animation;Romance;Family
USR-00911,43.22,9.4,,0.249,Comedy;Animation;Family
USR-01227,36.94,6.4,9.2,0.3,Family
USR-01607,71.95,57.1,4.1,0.733,Fantasy;Action;Adventure;Horror;Thriller
USR-01011,91.55,87.0,1.8,0.69,Drama;Romance
USR-01964,10.5,18.1,0.1,0.562,Crime;Drama
USR-00093,4.41,19.6,1.4,0.654,Comedy
USR-01008,144.66,112.0,4.9,0.347,Action
USR-01070,48.24,12.4,10.7,0.192,Comedy;Animation
USR-01092,5.56,18.1,1.6,,Crime;Fantasy
USR-01596,48.27,18.4,8.6,0.174,Comedy;Family;Animation
USR-01308,59.08,11.5,6.6,0.561,Comedy;Family
USR-00696,46.47,8.3,,0.569,Animation;Comedy
USR-01968,55.36,,8.7,0.279,Family
USR-00996,56.38,124.4,2.5,0.868,Mystery
USR-01458,,96.7,4.8,0.707,Crime
USR-00153,54.24,15.9,8.8,0.505,Family;Comedy
USR-01099,44.51,11.4,6.0,0.423,Animation;Comedy
USR-01731,7.72,35.4,1.9,0.33,Adventure
USR-00049,114.78,52.4,3.2,0.46,Thriller
USR-00789,53.82,,2.3,0.762,Mystery;Drama
USR-00580,23.34,19.4,9.0,0.09,Animation
USR-00703,128.33,126.8,6.3,0.643,Action;Crime
USR-01212,139.27,77.1,3.8,0.516,Sci-Fi;Thriller
USR-01295,98.31,118.0,4.6,0.533,Thriller
USR-01814,84.12,111.6,4.8,0.747,Action
USR-01260,47.44,16.5,10.3,0.178,Family
USR-00487,38.69,14.9,16.1,0.105,Animation
USR-00559,23.55,25.3,1.9,0.573,Family;Horror
USR-01141,26.41,21.5,6.9,0.239,Comedy;Animation
USR-01119,173.01,83.6,3.2,0.283,Thriller
USR-00801,159.58,140.6,4.7,0.596,Action
USR-00512,26.93,141.0,2.3,0.689,Mystery;Romance
USR-00633,10.06,16.5,1.3,0.049,Romance;Sci-Fi
USR-01489,43.71,12.9,13.9,0.496,Animation;Family;Comedy
USR-01801,123.56,57.1,9.3,0.279,Sci-Fi;Family;Thriller;Action
USR-01556,1.29,24.1,1.4,0.777,Crime;Romance
USR-01150,103.62,31.4,6.2,0.503,Documentary;Thriller;Sci-Fi;Comedy;Mystery
USR-00790,188.41,75.3,3.6,0.391,Crime;Thriller
USR-00116,58.3,30.3,13.1,0.32,Horror;Musical;Comedy;Animation;Action
USR-00740,,11.5,11.4,0.161,Family;Animation;Comedy
USR-01703,31.9,22.0,1.2,0.565,Adventure;Family
USR-01081,110.51,113.2,5.8,0.202,Crime;Action
USR-00830,144.74,71.7,4.1,0.578,Sci-Fi;Action
USR-00119,,33.4,1.7,,Horror;Musical
USR-00656,39.51,18.1,7.3,0.103,Animation
USR-01922,29.37,32.2,0.4,0.195,Thriller;Fantasy
USR-00635,69.25,14.8,8.8,0.386,Animation;Comedy;Family
USR-00369,107.3,122.4,7.3,0.564,Crime;Sci-Fi
USR-00268,30.85,12.2,8.6,0.209,Animation
USR-00655,139.31,131.5,8.3,0.725,Thriller;Action
USR-00935,1.86,24.0,7.4,0.243,Animation;Family
USR-00822,42.46,16.3,10.5,0.29,Animation;Family;Comedy
USR-00866,94.19,44.6,5.0,0.551,Action
USR-00046,32.94,10.7,13.0,,Comedy;Animation
USR-01373,43.24,9.8,15.2,0.171,Comedy;Animation;Family
USR-01721,138.36,79.2,3.8,0.418,Action;Thriller
USR-00991,7.28,14.8,1.3,0.243,Adventure
USR-00876,48.42,39.6,5.8,0.532,Horror;Fantasy;Adventure;Romance;Family
USR-00773,58.93,10.6,14.3,0.323,Comedy
USR-01219,46.29,13.5,13.9,0.368,Family;Animation
USR-00582,52.13,8.0,14.8,0.12,Comedy
USR-00004,122.58,90.4,3.9,0.298,Thriller;Action
USR-01003,132.89,46.4,9.0,0.859,Horror;Adventure;Romance;Action;Drama;Documentary
USR-01736,22.91,14.0,11.1,0.268,Family
USR-00263,14.18,42.9,1.2,0.71,Family
USR-01580,145.7,120.5,6.5,0.694,Action;Thriller
USR-01844,93.3,117.5,1.2,0.686,Mystery;Romance
USR-00443,32.49,15.8,8.4,0.163,Family;Comedy;Animation
USR-01002,65.47,116.3,2.1,0.74,Romance
USR-01077,3.02,28.2,1.5,0.625,Thriller;Sci-Fi
USR-00837,83.16,13.5,11.8,0.252,Animation
USR-01804,41.14,10.8,13.2,0.226,Family;Comedy;Animation
USR-00304,97.32,44.2,9.6,0.581,Thriller;Comedy;Crime;Mystery;Fantasy
USR-01365,145.49,122.8,4.9,0.419,Crime;Thriller
USR-01568,32.25,21.2,2.2,0.182,Adventure;Horror
USR-00313,61.13,115.2,3.1,0.842,Mystery;Romance
USR-00149,45.26,16.2,11.3,0.43,Comedy;Animation;Family
USR-01148,94.29,114.1,1.6,0.762,Drama;Romance
USR-01213,49.53,60.3,4.8,0.577,Horror;Crime;Musical;Family;Sci-Fi;Animation
USR-00574,51.77,112.1,1.9,0.748,
USR-00050,80.44,95.5,2.1,0.815,Romance
USR-01563,48.98,14.7,17.0,0.306,Family
USR-00726,122.66,110.6,6.2,0.529,Thriller
USR-00833,101.76,61.1,7.6,0.832,Thriller;Sci-Fi
USR-01377,10.0,15.1,1.8,0.723,Fantasy
USR-01115,20.78,47.9,1.1,0.687,Romance;Crime
USR-01166,60.53,51.1,9.5,0.446,Drama;Fantasy;Action;Horror;Comedy
USR-00470,106.57,87.1,4.8,0.493,Thriller;Crime
USR-00971,63.08,131.1,1.9,,Mystery;Romance
USR-00653,119.03,38.5,9.5,0.098,Sci-Fi;Romance;Horror;Documentary;Animation;Action
USR-00399,66.89,60.1,6.5,,Crime;Action;Musical;Drama;Horror;Thriller
USR-00511,52.3,14.0,12.9,0.478,Family;Animation
USR-00320,31.3,24.4,1.7,0.332,Musical;Action
USR-00019,42.84,20.0,3.9,,Animation;Family
USR-00684,82.07,162.0,1.4,0.945,Drama;Romance
USR-00035,44.97,36.9,5.4,0.659,Horror;Animation;Sci-Fi;Fantasy;Romance;Crime
USR-00902,96.97,74.8,6.2,0.858,Sci-Fi;Thriller
USR-01841,36.31,15.1,14.4,0.277,Family;Animation;Comedy
USR-00827,35.13,23.4,9.3,0.271,Family;Animation
USR-01810,2.24,7.7,2.0,0.139,Adventure;Crime
USR-00407,103.56,50.2,2.1,0.431,Thriller;Crime
USR-00920,78.24,96.1,2.2,,Romance
USR-00537,149.41,141.3,5.2,0.387,Sci-Fi;Thriller
USR-00758,76.84,119.3,3.0,0.702,Drama
USR-01919,11.14,14.9,11.7,0.253,Family;Animation
USR-01062,94.33,17.6,7.9,0.93,Drama;Fantasy;Musical;Romance
USR-01199,98.62,113.8,3.8,0.588,Action
USR-00245,,138.9,2.1,0.872,Drama
USR-01416,133.08,100.3,5.9,0.31,Action;Sci-Fi
USR-01127,37.78,10.6,9.6,0.24,Animation
USR-00784,141.82,81.9,2.0,0.354,Action;Crime
USR-01755,50.22,55.3,7.7,0.199,Musical;Romance;Mystery;Fantasy;Thriller
USR-00489,70.22,137.4,2.2,0.767,Mystery
USR-00154,47.35,130.3,1.8,,Romance
USR-00961,26.15,36.9,1.7,0.949,Thriller;Romance
USR-00853,80.21,169.6,0.8,0.947,Drama
USR-01311,26.13,109.5,2.4,0.825,Drama;Romance
USR-00625,57.68,11.3,13.7,0.264,Family;Animation
USR-00685,0.68,29.2,1.4,0.518,Horror;Thriller
USR-01572,72.95,48.3,6.4,0.482,Comedy;Fantasy;Crime;Horror
USR-00569,48.94,19.7,11.0,0.652,Comedy
USR-01923,68.38,12.3,9.7,0.223,Family;Animation;Comedy
USR-00017,1.06,35.3,0.6,0.475,Crime;Comedy
USR-00127,84.78,102.6,2.1,0.82,Mystery
USR-01346,53.81,20.3,8.6,0.253,Comedy;Family;Animation
USR-01279,35.49,16.4,15.9,0.303,Animation;Family;Comedy
USR-01983,24.85,24.0,11.9,0.235,Animation
USR-00927,0.74,48.2,1.8,0.508,Horror
USR-00980,19.08,10.1,10.2,0.231,Family
USR-01979,69.89,40.4,7.6,0.606,Adventure;Action;Animation;Horror;Thriller
USR-00190,,115.4,4.3,0.343,Sci-Fi;Action
USR-01139,13.98,20.7,1.0,0.262,Thriller
USR-00992,54.89,6.2,13.5,0.254,Family;Comedy
USR-01970,100.71,86.1,2.1,0.276,Sci-Fi
USR-01668,181.82,79.1,4.3,0.452,Crime;Sci-Fi
USR-00606,114.14,100.9,5.0,0.454,Thriller
USR-00180,69.59,8.1,13.5,0.492,Comedy;Animation
USR-00301,26.73,,0.1,0.419,Crime;Documentary
USR-00496,20.41,,2.2,0.529,Animation;Thriller
USR-01708,2.53,23.9,1.6,0.359,
USR-01808,112.03,107.1,2.0,0.527,Action
USR-01673,115.96,47.1,6.0,0.433,Comedy;Sci-Fi;Thriller;Adventure
USR-01649,91.92,48.8,6.0,0.361,Thriller;Musical;Documentary;Crime;Family;Romance
USR-00517,64.81,45.0,5.1,0.616,Action;Horror;Musical;Fantasy;Animation;Thriller
USR-01999,23.89,22.5,14.4,0.167,Animation;Family;Comedy
USR-01069,30.3,10.3,,0.115,Family;Comedy
USR-00476,72.3,76.7,,0.866,Sci-Fi
USR-00157,53.95,57.9,5.1,0.197,
USR-01243,125.56,31.2,,0.79,Sci-Fi;Drama;Adventure;Mystery
USR-01195,92.85,67.7,2.2,,Mystery
USR-00016,48.11,19.4,15.0,0.348,Family;Animation
USR-01535,114.51,124.8,3.8,0.843,Action;Thriller
USR-01072,877.45,119.8,4.6,0.379,Sci-Fi
USR-01986,97.34,35.7,7.6,0.462,Drama;Adventure;Animation;Mystery;Fantasy;Horror
USR-00546,120.67,111.7,4.3,0.604,Sci-Fi;Crime
USR-01539,8.3,63.7,1.3,0.523,Documentary
USR-00658,3.45,51.4,1.0,0.235,Musical
USR-01752,179.39,78.2,5.7,0.526,Action;Crime
USR-01019,169.77,76.4,4.7,,Sci-Fi
USR-01674,44.48,41.6,11.6,0.362,Documentary;Thriller;Family;Mystery
USR-01504,53.48,13.2,,0.144,Comedy
USR-00959,89.54,60.0,9.4,0.643,Fantasy;Adventure;Animation;Drama;Musical;Romance
USR-01896,0.14,17.1,1.4,0.29,Action
USR-00283,132.53,64.1,3.2,0.148,Action;Sci-Fi
USR-00797,2.9,21.7,1.3,0.199,Thriller;Mystery
USR-01637,112.17,,2.7,0.584,Action
USR-00225,134.19,85.7,,0.349,Sci-Fi;Crime
USR-00026,168.37,107.9,4.6,0.499,Crime;Thriller
USR-01784,13.59,26.7,0.6,0.417,Adventure
USR-00437,139.5,42.4,7.3,0.748,
USR-01963,15.09,13.1,6.9,0.052,Animation;Family
USR-01388,,112.9,1.9,0.718,Romance;Drama
USR-00229,8.53,26.1,2.0,0.617,Thriller;Adventure
USR-00037,74.26,94.8,5.4,0.677,Crime
USR-00749,,29.9,1.3,0.905,Action;Animation
USR-01045,10.06,27.9,1.1,0.964,Fantasy
USR-01398,21.36,26.4,1.5,0.394,Musical;Adventure
USR-00469,56.85,121.5,2.3,0.785,Romance
USR-01972,23.22,15.8,9.5,0.366,Comedy;Family;Animation
USR-01982,38.74,14.8,,0.688,Animation
USR-00687,58.14,20.2,9.5,0.142,Family;Animation;Comedy
USR-01857,59.17,20.2,10.2,0.271,Comedy;Family;Animation
USR-00639,68.88,9.5,14.7,0.641,Family;Comedy;Animation
USR-01902,93.97,38.3,8.2,0.853,Fantasy;Comedy;Musical;Drama;Crime
USR-01218,42.88,37.4,1.0,0.739,Sci-Fi
USR-01158,74.87,125.5,2.5,0.885,Romance
USR-01415,51.47,128.4,2.8,0.81,Romance
USR-01527,38.67,14.5,12.4,0.288,Animation
USR-01667,53.19,129.3,2.7,0.951,Romance;Drama
USR-01300,116.82,107.2,,0.829,Sci-Fi;Action
USR-01885,25.3,4.0,9.7,0.546,Animation;Family
USR-00800,101.0,62.7,7.3,0.441,Adventure;Crime;Fantasy;Drama;Mystery
USR-01603,28.96,15.1,10.7,0.202,Animation;Comedy;Family
USR-00160,45.11,18.0,15.3,0.399,Comedy;Family
USR-00956,32.5,11.4,2.0,0.301,Adventure;Sci-Fi
USR-01186,1.41,35.8,1.7,0.259,Romance;Family
USR-00821,148.82,88.8,5.1,0.691,Action
USR-01694,28.03,7.5,12.9,0.324,Comedy;Family;Animation
USR-00877,13.79,25.4,1.3,0.093,Horror;Romance
USR-00913,43.5,11.9,9.9,0.402,Comedy;Family
USR-00152,164.56,85.2,1.5,0.298,Crime
USR-01850,48.81,19.4,8.7,0.157,Family;Animation;Comedy
USR-01790,129.83,129.7,8.6,0.597,Thriller
USR-00509,65.03,31.9,5.2,0.561,Musical;Adventure;Action;Documentary
USR-01135,95.92,128.9,4.3,0.334,Action
USR-01250,81.25,43.2,6.1,0.276,Documentary;Musical;Romance;Animation;Horror
USR-01676,69.62,109.5,3.9,0.461,Crime
USR-00103,7.04,25.5,1.4,0.666,Comedy;Romance
USR-01445,162.54,81.1,6.3,0.8,Crime;Action
USR-01443,23.64,11.6,8.6,0.39,Family
USR-01852,95.3,110.4,1.5,0.752,Mystery;Drama
USR-00586,99.62,71.2,4.2,0.783,Thriller;Action
USR-01782,48.81,9.5,6.7,0.142,Comedy;Animation
USR-01143,16.49,45.8,1.8,0.443,Sci-Fi;Family
USR-00053,102.05,93.9,2.6,0.5,Mystery;Romance
USR-00151,112.49,120.2,4.0,0.823,Sci-Fi;Action
USR-00403,99.82,52.4,7.9,0.419,Crime;Sci-Fi;Comedy;Musical
USR-01957,46.75,17.2,13.7,0.362,Animation;Family
USR-00207,16.99,25.7,1.8,0.395,Fantasy;Sci-Fi
USR-01909,112.14,,5.8,0.331,Thriller
USR-01122,98.57,144.6,1.5,0.88,Mystery
USR-01763,9.84,18.2,10.3,0.172,Comedy;Animation;Family
USR-00008,11.02,35.4,2.5,0.374,Crime
USR-01014,138.25,40.0,7.2,0.376,Action;Musical;Comedy;Horror
USR-01809,156.94,62.2,5.8,0.356,Sci-Fi
USR-01060,77.67,184.2,1.5,0.902,Romance
USR-00452,14.06,24.8,11.8,0.104,Animation;Family;Comedy
USR-01675,49.34,13.2,16.0,0.552,Comedy
USR-00253,54.37,16.0,12.9,0.062,Comedy;Family;Animation
USR-01327,79.83,63.0,6.3,0.083,Crime;Mystery;Horror;Fantasy
USR-00896,56.54,15.9,10.4,0.605,Animation;Comedy;Family
USR-01746,196.25,65.0,2.4,0.356,Thriller;Sci-Fi
USR-00880,114.8,86.5,3.4,0.47,Sci-Fi;Crime
USR-01595,5.95,29.4,,0.58,Thriller;Sci-Fi
USR-01903,65.36,66.6,6.0,0.541,Thriller
USR-00623,38.67,11.6,11.8,0.084,Animation;Comedy;Family
USR-00345,0.5,22.9,2.8,0.73,Fantasy
USR-01920,2.79,28.5,1.3,0.605,Sci-Fi
USR-00262,188.41,89.9,,0.216,Sci-Fi;Crime
USR-01634,90.65,91.8,1.2,0.919,Drama;Romance
USR-01321,101.41,104.0,4.2,0.526,Crime
USR-01438,135.29,69.2,2.8,0.912,Thriller
USR-00150,38.65,107.6,1.1,0.803,Romance;Drama
USR-00472,136.92,108.0,6.7,0.327,Sci-Fi
USR-00640,77.89,88.8,5.1,0.701,Thriller;Crime
USR-01997,116.83,113.5,5.3,0.669,Crime;Thriller
USR-01897,120.04,73.4,4.7,0.353,Thriller;Action
USR-00550,13.8,19.0,1.9,0.219,Musical
USR-01793,23.95,31.9,0.1,0.311,Action
USR-00928,0.96,31.5,0.9,0.472,Documentary;Horror
USR-00488,62.63,144.2,2.6,0.779,Romance;Mystery
USR-01825,0.71,29.2,1.7,0.073,Adventure;Animation
USR-01171,72.08,131.5,2.5,0.812,Drama
USR-00146,8.11,32.7,1.0,0.436,Romance;Animation
USR-01717,17.89,28.9,1.7,0.802,Mystery
USR-01943,114.55,69.8,10.8,0.261,Animation;Thriller;Documentary;Drama
USR-00402,4.58,,0.7,0.849,Sci-Fi;Musical
USR-00954,55.31,4.4,13.7,0.294,Family;Animation
USR-01892,126.91,34.1,4.8,0.492,Action;Crime;Adventure;Horror;Family
USR-00659,17.75,40.4,1.8,,Mystery;Fantasy
USR-01372,74.31,116.9,1.7,0.672,Drama
USR-00463,35.44,44.6,0.9,0.35,Animation
USR-01349,160.48,99.0,4.0,0.661,Thriller;Crime
USR-00186,68.52,57.2,3.7,0.84,Thriller;Mystery;Family;Action;Crime;Musical
USR-01147,2.51,31.3,1.7,0.197,Documentary;Adventure
USR-01224,14.25,12.4,16.2,0.27,Family;Animation;Comedy
USR-00608,9.72,24.4,1.9,0.827,Documentary;Comedy
USR-00143,46.3,14.7,9.4,0.458,Comedy
USR-00751,49.04,146.0,1.8,0.779,Drama
USR-01534,41.34,13.1,9.3,0.343,Family;Comedy;Animation
USR-00981,131.32,33.7,8.0,0.709,Action;Thriller;Fantasy;Documentary
USR-00197,97.57,129.6,2.1,0.693,Drama
USR-01633,122.7,59.4,6.6,0.436,Mystery;Documentary;Animation;Action;Sci-Fi
USR-00883,117.34,67.8,6.1,0.383,Action
USR-00279,80.64,34.0,3.0,0.126,Adventure;Comedy;Romance;Action
USR-00293,23.32,,12.3,0.235,Family;Animation
USR-01837,43.53,17.8,11.3,0.447,Family;Animation;Comedy
USR-00400,120.22,60.4,4.3,0.364,Sci-Fi
USR-00122,62.75,16.8,4.4,0.369,Comedy
USR-01207,44.13,12.6,12.2,0.315,Animation
USR-00202,88.57,77.1,3.5,0.147,Crime;Thriller
USR-01462,129.19,42.6,6.5,0.552,Action
USR-00835,32.35,6.1,13.9,0.26,Comedy;Animation;Family
USR-00246,54.04,15.9,12.9,0.07,Comedy
USR-01439,25.63,29.7,0.7,0.833,Drama;Musical
USR-01766,109.14,77.4,6.1,0.947,Musical;Horror;Adventure;Family;Mystery;Animation
USR-01916,48.42,161.0,2.4,0.975,Drama;Romance
USR-01707,95.19,94.1,4.4,0.737,Sci-Fi;Action
USR-01928,2.49,36.7,2.2,0.613,Crime;Fantasy
USR-01153,17.03,34.0,1.8,0.545,Drama;Crime
USR-01661,25.73,,1.9,0.255,Comedy;Animation
USR-01426,125.62,90.9,6.0,0.58,Crime;Action
USR-00384,72.79,52.9,6.8,0.121,Musical;Thriller;Romance;Animation
USR-01771,100.48,43.0,7.0,0.224,Sci-Fi;Musical;Adventure;Documentary;Romance;Thriller
USR-00854,131.1,63.4,5.9,0.611,Action
USR-01589,63.45,49.2,7.6,0.861,Drama;Horror;Family;Action;Romance;Adventure
USR-00219,55.29,21.0,4.6,0.633,Horror;Fantasy;Documentary;Mystery;Family
USR-00641,22.36,18.9,14.1,0.526,Family;Comedy;Animation
USR-00001,101.36,47.3,2.4,0.882,Drama;Romance
USR-00112,82.44,159.9,2.2,0.773,Romance
USR-00698,110.66,84.7,3.1,0.286,Crime;Action
USR-01930,4.26,31.6,1.8,0.953,Thriller;Musical
USR-00951,8.31,31.8,1.5,0.674,Thriller
USR-01648,46.04,52.7,8.1,0.318,Adventure;Sci-Fi;Thriller;Musical;Romance
USR-01636,8.12,13.4,8.7,0.247,Family;Comedy
USR-01761,95.69,58.2,2.2,0.814,Family;Animation;Romance;Adventure;Sci-Fi
USR-01410,199.05,114.6,3.8,0.064,Action
USR-01409,81.72,77.8,2.3,0.966,Romance
USR-01533,27.16,9.0,4.7,0.175,Comedy;Family;Animation
USR-01291,112.68,56.8,4.3,0.832,Sci-Fi;Action
USR-01822,4.99,24.9,0.5,0.102,Animation;Sci-Fi
USR-00441,58.81,128.9,2.0,0.864,Romance;Drama
USR-01520,77.18,100.6,2.7,0.493,Crime;Thriller
USR-01136,96.29,123.0,2.0,0.823,Romance
USR-01715,84.23,100.8,2.3,0.569,Mystery;Drama
USR-01256,143.8,82.8,4.0,0.198,Action;Thriller
USR-01877,9.46,,2.1,0.271,Romance
USR-01631,33.03,10.7,16.1,0.254,Animation
USR-01695,538.61,78.3,6.4,0.471,Sci-Fi;Crime
USR-01397,155.51,87.8,3.2,0.161,Thriller;Crime
USR-00663,145.31,67.5,5.6,0.685,Action
USR-01849,2.0,34.8,1.8,0.581,Action;Adventure
USR-01257,23.17,9.9,17.8,0.621,Family
USR-01787,14.41,27.8,1.6,0.377,Mystery
USR-01700,95.53,95.5,1.5,0.773,Romance
USR-00317,136.74,89.7,6.3,0.421,Thriller;Sci-Fi
USR-00648,103.24,31.7,6.7,0.238,Family;Animation;Crime;Adventure
USR-01434,113.28,119.7,6.1,0.497,Thriller
USR-01479,48.75,14.5,14.8,0.314,Animation
USR-00709,14.93,27.4,1.1,0.589,Mystery
USR-01382,69.91,146.5,1.3,0.863,Drama
USR-01282,9.3,22.1,1.3,0.929,Adventure
USR-01768,44.04,22.3,11.6,0.282,Comedy
USR-00972,79.24,31.1,9.2,0.897,Thriller;Animation;Documentary;Comedy;Musical;Action
USR-00627,37.7,40.9,6.1,0.283,Romance;Documentary;Horror;Fantasy;Adventure;Comedy
USR-00632,0.49,45.0,1.9,0.835,Romance;Sci-Fi
USR-01306,79.12,1.0,7.7,0.782,Thriller;Adventure;Documentary;Horror
USR-01400,88.58,83.2,5.3,0.58,Crime;Action
USR-01408,31.49,40.9,2.0,0.86,Action
USR-01248,76.74,152.5,1.7,0.856,Romance;Drama
USR-01967,43.21,6.8,12.2,0.228,Comedy
USR-01254,8.5,41.6,1.2,0.136,Sci-Fi
USR-01496,48.44,26.7,1.6,0.178,Family
USR-01371,130.75,127.7,4.3,0.968,Action
USR-01529,8.72,30.2,1.3,0.708,Drama
USR-01663,20.45,10.8,16.4,0.243,Animation;Family
USR-01354,51.63,22.6,10.6,0.582,Animation;Family;Comedy
USR-01940,108.07,96.4,5.3,0.223,Sci-Fi;Action
USR-01915,116.72,37.3,9.7,0.715,Comedy;Romance;Thriller;Musical;Animation
USR-01643,2.42,18.9,1.5,0.027,Horror
USR-01882,,30.6,,0.796,Thriller
USR-00795,76.42,154.0,2.0,0.755,Mystery;Romance
USR-00645,64.34,118.6,1.3,0.594,Mystery
USR-01012,84.34,170.3,1.9,0.919,Mystery
USR-01853,92.92,38.2,7.2,0.385,Sci-Fi;Adventure;Action;Musical;Comedy;Romance
USR-00556,56.81,99.7,4.4,0.241,Sci-Fi
USR-00681,52.22,10.4,12.6,0.24,Comedy
USR-00577,48.88,88.5,1.5,0.924,Drama;Romance
USR-01109,162.89,83.9,5.3,0.376,Sci-Fi;Crime
USR-01266,7.88,17.3,11.2,0.236,Comedy;Family
USR-01722,80.89,6.9,10.0,0.185,Comedy;Animation;Family
USR-01183,78.82,43.2,1.7,0.958,Drama
USR-00524,64.17,60.2,8.7,0.728,Fantasy;Mystery;Comedy;Thriller;Family;Action
USR-01059,19.59,23.9,0.8,0.304,Romance;Musical
USR-00540,78.71,133.8,1.2,0.906,Mystery
USR-01194,129.29,89.3,7.0,0.413,Crime;Thriller
USR-01678,133.22,75.1,5.4,0.533,Sci-Fi
USR-00748,39.54,104.1,1.9,0.938,Romance;Drama
USR-01865,72.58,160.4,2.2,0.85,Drama;Mystery
USR-01430,50.04,12.9,11.8,0.125,Animation
USR-00484,1.53,23.3,2.4,0.82,Action;Fantasy
USR-01757,42.83,21.8,12.0,0.277,Comedy;Animation
USR-00095,41.48,20.6,10.0,0.533,Comedy;Animation;Family
USR-01020,7.84,34.7,1.5,0.097,Family
USR-00563,144.86,75.1,2.2,0.29,Action
USR-01264,91.66,90.7,3.3,0.604,Crime
USR-00742,93.97,44.5,7.7,0.924,Animation;Horror;Action;Adventure;Sci-Fi;Documentary
USR-00863,32.48,16.2,10.9,0.054,Family;Comedy;Animation
USR-01598,97.05,92.2,5.3,0.285,Thriller
USR-01714,118.79,58.6,4.2,0.736,Sci-Fi
USR-01484,45.45,17.4,10.8,0.165,Animation;Family
USR-00891,60.29,86.7,2.4,0.754,Mystery;Drama
USR-01577,0.1,,0.1,0.779,Drama
USR-01038,115.02,93.4,3.3,0.465,Sci-Fi
USR-00206,155.78,64.8,6.1,0.47,Sci-Fi
USR-00392,23.16,8.3,12.0,0.432,Family;Comedy;Animation
USR-00794,117.87,,3.0,0.468,Crime
USR-00870,22.47,22.8,7.9,0.339,Animation
USR-00397,-5.54,8.7,13.8,0.417,Animation
USR-00766,114.82,60.9,6.2,0.812,Action;Family;Thriller;Comedy;Crime;Documentary
USR-01855,22.95,,13.0,0.547,Comedy
USR-01241,70.35,62.0,6.9,0.252,Thriller;Drama;Fantasy;Documentary;Animation
USR-01028,47.47,12.4,16.2,0.582,Comedy
USR-01792,19.38,34.4,,0.515,Romance
USR-00642,153.88,91.6,4.6,0.687,Crime;Thriller
USR-01906,73.9,121.9,1.9,0.587,Romance
USR-00612,0.18,38.4,1.0,0.613,Thriller;Mystery
USR-01762,158.07,124.1,3.4,0.848,Sci-Fi
USR-00960,138.57,112.5,5.4,0.441,Action
USR-01570,18.12,29.9,1.0,0.886,Thriller;Comedy
USR-00725,70.91,50.1,6.7,0.539,Sci-Fi;Musical;Adventure;Thriller;Romance;Fantasy
USR-00683,5.08,21.1,1.2,0.135,Comedy
USR-00098,118.73,128.6,4.8,0.753,Sci-Fi
USR-00804,33.06,16.9,8.2,0.489,Family;Animation;Comedy
USR-01751,115.04,94.2,3.6,0.592,Sci-Fi;Action
USR-01597,84.55,79.5,3.9,0.352,Action;Crime
USR-00406,33.61,15.9,13.9,0.121,
USR-00502,43.47,14.6,11.2,0.259,Family;Comedy
USR-01071,88.24,79.3,3.6,0.625,Crime;Thriller
USR-01056,145.52,45.5,7.8,0.64,Animation;Musical;Action;Horror;Documentary
USR-00929,34.26,14.3,9.7,0.291,Family;Comedy
USR-00779,1.25,29.5,1.9,0.343,Animation
USR-00200,19.1,36.5,,0.341,Animation
USR-00134,99.45,116.7,1.6,0.916,Drama;Mystery
USR-01051,7.52,37.1,2.2,0.23,Crime
USR-00040,137.81,31.2,6.0,0.291,Action;Crime
USR-01017,1.08,1.0,0.8,0.609,Crime;Adventure
USR-00230,81.48,41.3,6.2,0.904,Animation;Comedy;Romance;Musical;Horror
USR-01513,135.03,102.3,5.5,0.623,Sci-Fi
USR-01796,147.17,45.2,5.1,0.622,Family;Mystery;Comedy;Action
USR-00378,72.76,41.9,9.2,0.499,Documentary;Adventure;Mystery;Thriller
USR-00288,27.18,15.5,,0.314,Family;Comedy;Animation
USR-00418,33.81,43.6,0.9,0.528,Romance
USR-01698,76.19,193.8,2.0,0.936,Mystery;Drama
USR-00391,44.1,10.0,12.0,0.224,Family;Comedy
USR-00592,123.08,99.1,4.9,0.456,Sci-Fi;Thriller
USR-01522,51.31,4.7,13.2,0.3,Family
USR-01162,53.91,11.8,13.1,0.436,Comedy;Family;Animation
USR-01086,16.52,34.3,1.8,0.014,Action;Comedy
USR-01495,5.86,33.6,1.2,0.378,Fantasy;Drama
USR-00647,1.39,35.8,1.4,0.178,Horror
USR-01152,35.76,30.3,1.8,0.504,Action;Horror
USR-01367,44.31,131.1,1.9,0.694,Romance
USR-00520,10.98,17.0,1.7,0.767,Fantasy;Comedy
USR-01862,135.26,67.7,2.6,0.328,Action;Sci-Fi
USR-01880,5.96,,1.2,0.329,Animation
USR-00064,19.55,10.9,16.0,0.082,Comedy
USR-01836,202.9,88.0,7.2,0.237,Action
USR-00014,130.52,99.8,6.0,0.611,Action
USR-01180,97.69,105.6,1.0,0.542,Romance
USR-01064,,18.4,13.3,0.646,Comedy;Family;Animation
USR-00492,46.38,18.4,16.2,0.137,Animation;Family;Comedy
USR-00379,0.1,22.3,13.5,0.349,Comedy
USR-00187,22.56,23.8,0.2,0.915,Crime;Thriller
USR-00763,50.83,51.1,10.9,0.34,Comedy;Thriller;Documentary;Action;Crime;Animation
USR-00216,44.67,14.4,12.3,0.152,Animation;Comedy
USR-00791,28.68,22.0,1.7,0.548,Mystery;Thriller
USR-01076,24.46,13.6,11.0,0.141,Animation;Family
USR-00878,112.21,75.9,4.6,0.243,Action
USR-00337,59.14,52.4,9.0,0.627,Thriller;Documentary;Musical;Crime
USR-01772,,137.1,1.1,0.79,Mystery;Drama
USR-00719,118.69,32.0,6.9,0.453,Documentary;Mystery;Thriller;Musical;Romance
USR-01748,106.07,45.4,4.4,0.415,Musical;Adventure;Mystery;Romance;Drama
USR-00295,2.22,34.0,1.0,0.534,Drama
USR-01725,107.16,86.7,3.3,0.404,Crime
USR-01016,118.92,97.9,4.4,0.772,Action
USR-01275,128.09,72.5,4.8,,Crime;Thriller
USR-01750,3.07,42.5,1.4,0.573,Fantasy
USR-01485,37.88,10.8,10.6,0.201,Animation;Family;Comedy
USR-00455,61.6,21.9,13.5,0.098,Comedy
USR-01876,29.58,11.8,1.1,0.115,Sci-Fi
USR-00815,28.77,21.7,1.8,0.375,Comedy
USR-01886,81.23,103.0,3.2,0.385,Crime;Sci-Fi
USR-00269,64.75,11.4,10.2,,Family;Comedy
USR-00995,120.68,114.0,7.0,0.657,Thriller;Sci-Fi
USR-00201,73.79,62.1,4.3,0.167,Action
USR-00161,8.87,45.4,2.1,0.826,Animation;Documentary
USR-01579,1.44,45.5,2.2,0.06,Romance
USR-00729,116.29,70.2,8.4,0.592,Thriller
USR-00401,84.51,194.9,2.0,0.411,Romance
USR-00702,35.27,9.2,13.5,0.367,Comedy;Animation
USR-01500,,32.6,0.6,0.72,Thriller
USR-01845,117.26,124.3,5.3,0.742,Thriller
USR-01795,102.24,104.4,6.1,0.687,Sci-Fi
USR-01129,37.75,7.6,18.6,0.295,Comedy
USR-00565,1.25,36.4,1.4,0.338,Comedy;Animation
USR-01413,171.3,,4.3,0.33,Action
USR-01021,61.01,14.6,11.3,0.109,Comedy;Family;Animation
USR-01025,41.16,19.4,19.6,0.544,Animation
USR-01411,137.51,122.5,7.6,0.391,Crime;Thriller
USR-01895,43.1,37.8,5.6,0.848,
USR-01585,116.22,96.5,3.6,0.52,Sci-Fi
USR-01104,106.34,129.7,2.1,,Romance;Mystery
USR-00205,141.52,93.2,8.3,0.563,Action;Sci-Fi
USR-00034,24.27,126.1,1.6,0.773,Romance
USR-00775,103.92,92.1,7.3,0.542,Thriller
USR-00508,53.23,95.8,1.9,0.497,Mystery
USR-01451,5.7,31.2,1.6,0.941,Family
USR-01478,84.47,53.3,6.8,0.843,Romance;Family;Adventure;Sci-Fi;Animation;Documentary
USR-01985,124.77,93.6,6.1,0.649,Crime;Sci-Fi
USR-01390,113.27,86.2,2.3,0.697,Action;Sci-Fi
USR-00091,55.47,60.0,6.5,0.599,Action;Horror;Adventure;Comedy;Documentary;Crime
USR-01363,9.1,26.5,1.2,0.669,Action;Crime
USR-00897,40.06,111.0,2.5,0.828,Mystery;Drama
USR-00564,50.15,18.4,8.8,0.118,Comedy
USR-01369,79.45,75.2,6.7,0.273,Sci-Fi;Crime
USR-00776,99.21,116.8,3.7,0.509,Action
USR-00241,32.96,143.5,1.7,0.776,Drama;Mystery
USR-00013,165.64,107.4,4.4,0.614,Action
USR-00315,9.18,22.6,1.8,0.819,Drama;Documentary
USR-00600,112.73,113.0,2.7,0.362,Thriller
USR-00387,82.81,59.9,3.9,0.493,Sci-Fi
USR-01297,116.3,80.2,6.6,0.261,Crime
USR-00166,57.73,20.8,11.7,0.401,Animation;Comedy;Family
USR-00840,101.0,125.3,5.3,0.729,Thriller;Crime
USR-00020,14.01,26.5,2.1,0.773,Romance;Animation
USR-00646,1.57,21.1,1.8,0.398,Animation;Thriller
USR-01842,21.3,22.9,12.3,0.212,Animation
USR-01508,4.53,39.3,2.2,0.247,Comedy;Musical
USR-01154,5.61,27.4,1.3,0.047,Musical
USR-01528,76.97,66.0,11.4,0.526,Musical;Romance;Animation;Thriller
USR-00831,40.62,24.4,7.5,0.16,Comedy
USR-01267,55.05,14.5,15.4,0.245,Family
USR-01590,4.95,36.6,1.5,0.271,Family
USR-01899,66.09,37.0,9.4,0.609,Musical;Sci-Fi;Romance;Fantasy
USR-00562,73.53,83.2,6.7,0.538,Crime;Action
USR-01966,143.41,111.2,5.5,0.363,Action
USR-00686,0.74,16.9,2.3,0.227,Documentary
USR-00957,125.99,91.4,5.1,0.856,Thriller;Action
USR-00189,98.14,92.8,4.2,0.769,Sci-Fi;Thriller
USR-01806,3.74,50.4,1.3,0.808,Family
USR-00975,39.4,2.0,18.2,0.355,Comedy
USR-00699,43.4,11.7,13.4,0.259,
USR-01499,110.18,62.4,2.3,0.867,Drama;Mystery
USR-01705,133.0,82.9,4.3,0.513,Thriller
USR-00510,16.98,25.1,1.0,0.52,Documentary;Family
USR-01082,43.58,15.0,12.0,0.215,Animation;Comedy
USR-00474,6.99,31.4,1.7,0.086,Romance;Musical
USR-01584,93.26,138.8,1.9,0.723,Romance
USR-00856,138.48,81.3,5.0,,Crime;Sci-Fi
USR-00747,9.85,8.1,0.8,0.636,Documentary;Action
USR-00252,54.45,95.8,1.5,0.928,Drama
USR-00021,71.94,87.9,4.7,0.82,Sci-Fi;Crime
USR-01337,2.24,52.0,1.8,0.42,Thriller
USR-00459,101.06,91.1,3.9,0.329,Sci-Fi;Action
USR-01184,80.86,137.2,5.1,0.746,Action;Crime
USR-00276,74.58,49.8,6.7,0.542,Romance;Documentary;Fantasy;Animation;Sci-Fi;Mystery
USR-00955,55.35,18.7,11.7,0.372,Comedy;Animation;Family
USR-01215,116.7,105.3,6.7,0.65,Crime;Thriller
USR-00385,102.79,54.3,8.5,0.61,Romance;Crime;Animation;Thriller
USR-00805,141.55,42.9,7.4,0.594,Sci-Fi;Romance;Thriller;Comedy;Horror
USR-01437,75.09,47.3,5.6,0.443,Crime;Drama;Family;Sci-Fi;Romance
USR-01515,100.95,137.0,7.7,0.192,Action;Thriller
USR-00343,39.55,16.0,9.9,0.064,Comedy;Animation
USR-00769,47.67,52.8,2.6,0.224,Horror;Sci-Fi;Crime;Family;Romance
USR-01332,129.18,115.9,5.9,0.33,Sci-Fi;Thriller
USR-01685,66.57,137.5,2.0,0.899,Drama;Romance
USR-00130,23.35,7.2,11.1,0.402,Comedy
USR-01687,32.82,21.0,13.5,0.251,Comedy
USR-00871,40.27,8.2,10.7,0.399,Animation
USR-01123,124.15,38.2,6.7,0.58,Action;Comedy;Thriller;Sci-Fi;Mystery
USR-01396,25.37,20.4,12.4,0.305,Animation
USR-00087,3.13,21.4,1.4,0.527,Mystery
USR-01482,22.94,48.9,2.2,0.149,Animation
USR-00330,27.21,15.4,15.2,0.226,Comedy;Animation
USR-01238,47.93,133.0,2.3,0.871,Mystery
USR-00466,51.67,13.0,12.5,0.355,Comedy;Animation;Family
USR-00121,100.01,84.4,0.8,0.658,Mystery
USR-01638,77.1,99.0,2.2,0.863,Mystery;Drama
USR-01044,73.65,100.2,2.1,0.767,Romance
USR-01724,35.93,20.6,1.6,0.59,Thriller;Musical
USR-01095,155.81,123.1,6.2,0.666,Action
USR-01130,101.75,53.0,7.9,0.547,Fantasy;Mystery;Horror;Action;Thriller
USR-01294,98.66,20.6,9.0,0.214,Musical;Adventure;Documentary;Drama
USR-00860,100.81,47.0,6.5,0.65,Action;Horror;Mystery;Musical;Drama
USR-01459,18.44,36.1,1.4,0.596,Horror
USR-01126,133.66,76.5,5.7,0.25,Thriller;Sci-Fi
